product_name,category,brand,style,color,price,room_type,product_url,image_url,Date
Zinus Modern Studio 10 Metal Platform Bed King,Bed,Amazon,"Modern, Industrial",Black,159,Bedroom,https://www.amazon.com/dp/B01LZB70CQ,https://m.media-amazon.com/images/I/51s9jP5kUbL._AC_SY300_SX300_QL70_FMwebp_.jpg,
Zinus Alexis Deluxe Wood Platform Bed Full,Bed,Amazon,"Scandinavian, Modern","Pine, Natural",179,Bedroom,https://www.amazon.com/dp/B075GT8819,https://m.media-amazon.com/images/I/91mwwfwOrdL._AC_SY300_SX300_QL70_FMwebp_.jpg,
Zinus Arnav Metal Platform Bed Queen,Bed,Amazon,"Industrial, Modern",Black,149,Bedroom,https://www.amazon.com/dp/B01B8GSXNA,https://m.media-amazon.com/images/I/91Wn4k3nY6L._AC_SY300_SX300_QL70_FMwebp_.jpg,
Zinus Mia Metal Platform Bed Queen,Bed,Amazon,"Industrial, Modern",Black,169,Bedroom,https://www.amazon.com/dp/B01B8GQAOO,https://m.media-amazon.com/images/I/815LNLOtPAS._AC_SY300_SX300_QL70_FMwebp_.jpg,
Zinus Mia Metal Platform Bed Twin,Bed,Amazon,"Industrial, Modern",Black,119,Bedroom,https://www.amazon.com/dp/B01B8GQ7RO,https://m.media-amazon.com/images/I/81P2bnMJZEL._AC_SY300_SX300_QL70_FMwebp_.jpg,
Zinus Modern Studio 14 Platform Bed Queen,Bed,Amazon,"Modern, Minimalist",Black,139,Bedroom,https://www.amazon.com/dp/B01DLB7MPU,https://m.media-amazon.com/images/I/61aNdAh7b4L._AC_SX300_SY300_QL70_FMwebp_.jpg,
Zinus Omkaram Upholstered Platform Bed Queen,Bed,Amazon,"Modern, Boho","Navy, Blue",279,Bedroom,https://www.amazon.com/dp/B074QVXRG6,https://m.media-amazon.com/images/I/91SMmpBpYiS._AC_SY300_SX300_QL70_FMwebp_.jpg,
Zinus Leah Bamboo Platform Bed Queen,Bed,Amazon,"Japandi, Scandinavian","Brown, Natural",249,Bedroom,https://www.amazon.com/dp/B0CL4FFX18,https://m.media-amazon.com/images/I/71Ru5r5aNDL._AC_SY300_SX300_QL70_FMwebp_.jpg,
Zinus Paul Metal Bamboo Platform Bed Twin,Bed,Amazon,"Japandi, Modern","Brown, Black",189,Bedroom,https://www.amazon.com/dp/B07YQN9R32,https://m.media-amazon.com/images/I/81-IR3+F-0L._AC_SY300_SX300_QL70_FMwebp_.jpg,
Zinus Kai Bamboo Metal Platform Bed Full,Bed,Amazon,"Japandi, Modern","Brown, Black",219,Bedroom,https://www.amazon.com/dp/B0BQ1RXVR6,https://m.media-amazon.com/images/I/81lTUWPc4oL._AC_SY300_SX300_QL70_FMwebp_.jpg,
Amazon Basics Foldable Metal Bed Frame Full,Bed,Amazon,"Modern, Minimalist",Black,89,Bedroom,https://www.amazon.com/dp/B073WRF565,https://m.media-amazon.com/images/I/61q39wTCtbL._AC_SY300_SX300_QL70_FMwebp_.jpg,
Amazon Basics Foldable Metal Bed Frame Queen,Bed,Amazon,"Modern, Minimalist",Black,99,Bedroom,https://www.amazon.com/dp/B073WRLNS9,https://m.media-amazon.com/images/I/A1UVQHSfgvL._AC_SY300_SX300_QL70_FMwebp_.jpg,
IDEALHOUSE Platform Bed Queen with 4 Drawers,Bed,Amazon,"Modern, Industrial","Black, Gray",299,Bedroom,https://www.amazon.com/dp/B0CP5M37HD,https://m.media-amazon.com/images/I/81KenwOuVaL._AC_SY300_SX300_QL70_FMwebp_.jpg,
Allewie Upholstered Queen Bed with 4 Drawers,Bed,Amazon,"Modern, Boho",Light Gray,349,Bedroom,https://www.amazon.com/dp/B08J7T5RVM,https://m.media-amazon.com/images/I/91di1YSK4NL._AC_SY300_SX300_QL70_FMwebp_.jpg,
Modway Flourish Dining Chair,Chair,Amazon,"Mid-Century, Modern","Walnut, Beige",129.99,Living Room,https://www.amazon.com/dp/B07MTMNYYW,https://m.media-amazon.com/images/I/616WfoC-VOL._AC_SY300_SX300_QL70_FMwebp_.jpg,
"COLAMY Dining Chairs Set of 4, Gray",Chair,Amazon,"Modern, Minimalist","Gray, Black",219.99,Living Room,https://www.amazon.com/dp/B0D8NWTG51,https://m.media-amazon.com/images/I/81ZikIE4FPL._AC_SY300_SX300_QL70_FMwebp_.jpg,
NAFORT Dining Chairs Set of 6,Chair,Amazon,"Modern, Scandinavian","White, Oak",359.99,Living Room,https://www.amazon.com/dp/B0FY2VJRD8,https://m.media-amazon.com/images/I/51OCJR4OpyL._AC_SY300_SX300_QL70_FMwebp_.jpg,
Aimerive Dining Chairs Set of 8,Chair,Amazon,"Modern, Minimalist","Black, Gray",479.99,Living Room,https://www.amazon.com/dp/B0G2XJVC9H,https://m.media-amazon.com/images/I/71YhVh+fD2L._AC_SX300_SY300_QL70_FMwebp_.jpg,
Bamskov Solid Oak Chair,Chair,Amazon,"Scandinavian, Minimalist","Oak, Natural",149.99,Living Room,https://www.amazon.com/dp/B0C53HRP21,https://m.media-amazon.com/images/I/51Jl-yJBOuL._AC_SY300_SX300_QL70_FMwebp_.jpg,
Rivet Cove Mid-Century Sofa 72 Dark Grey,Sofa,Amazon,"Mid-Century, Modern",Dark Gray,599,Living Room,https://www.amazon.com/dp/B072PZVY6H,https://m.media-amazon.com/images/I/A1wcLZGFNaL._AC_SX300_SY300_QL70_FMwebp_.jpg,
Rivet Aiden Mid-Century Sofa 86 Dark Gray,Sofa,Amazon,"Mid-Century, Modern",Dark Gray,749,Living Room,https://www.amazon.com/dp/B07PC11SF6,https://m.media-amazon.com/images/I/81KPkzYQaHL._AC_SX300_SY300_QL70_FMwebp_.jpg,
Rivet Sloane Mid-Century Sofa 80 Pebble Grey,Sofa,Amazon,"Mid-Century, Modern","Gray, Beige",799,Living Room,https://www.amazon.com/dp/B072FVHS9G,https://m.media-amazon.com/images/I/91M-EfGef1L._AC_SX300_SY300_QL70_FMwebp_.jpg,
Rivet Sloane Loveseat 64 Pebble Grey,Sofa,Amazon,"Mid-Century, Modern","Gray, Beige",649,Living Room,https://www.amazon.com/dp/B0719WQH8N,https://m.media-amazon.com/images/I/91VMNtOVYpL._AC_SX300_SY300_QL70_FMwebp_.jpg,
Rivet Sloane Sofa 80 Denim Blue,Sofa,Amazon,"Mid-Century, Modern",Blue,799,Living Room,https://www.amazon.com/dp/B07BWL4C41,https://m.media-amazon.com/images/I/81s7-YEyWdL._AC_SX300_SY300_QL70_FMwebp_.jpg,
Rivet Revolve Modern Sofa 80 Caramel Leather,Sofa,Amazon,"Modern, Industrial","Brown, Tan",999,Living Room,https://www.amazon.com/dp/B072PZ4LVN,https://m.media-amazon.com/images/I/71hSR910cpL._AC_SX300_SY300_QL70_FMwebp_.jpg,
Rivet Aiden Velvet Sofa 86 Hunter Green,Sofa,Amazon,"Mid-Century, Boho",Green,849,Living Room,https://www.amazon.com/dp/B07BKKXRVC,https://m.media-amazon.com/images/I/81LPkVwJRGL._AC_SY300_SX300_QL70_FMwebp_.jpg,
Rivet Aiden Sofa 86 Wathet Blue,Sofa,Amazon,"Mid-Century, Modern",Blue,749,Living Room,https://www.amazon.com/dp/B07P8STJ2Q,https://m.media-amazon.com/images/I/71D2um-WhnL._AC_SX300_SY300_QL70_FMwebp_.jpg,
Rivet Cove Apartment Sofa 72 Light Grey,Sofa,Amazon,"Mid-Century, Minimalist",Light Gray,599,Living Room,https://www.amazon.com/dp/B072FVHRZ5,https://m.media-amazon.com/images/I/91ioLwrtEvL._AC_SX300_SY300_QL70_FMwebp_.jpg,
Article Sven 88 Tufted Leather Sofa Charme Tan,Sofa,Article,"Mid-Century, Modern","Tan, Brown",1699,Living Room,https://www.article.com/product/24178/sven-88-tufted-leather-sofa-charme-tan,https://cdn-images.article.com/products/SKU312A/2890x1500/image160148.jpg?fit=max&w=1200&q=100,
Article Sven Charme Tan Sofa,Sofa,Article,"Mid-Century, Modern","Tan, Brown",1499,Living Room,https://www.article.com/product/22677/sven-charme-tan-sofa,https://cdn-images.article.com/products/SKU312A/2890x1500/image160148.jpg?fit=max&w=1200&q=100,
Article Timber Charme Chocolat Leather Sofa,Sofa,Article,"Mid-Century, Modern","Brown, Chocolat",1899,Living Room,https://www.article.com/product/24154/timber-90-leather-sofa-charme-chocolat,https://cdn-images.article.com/products/SKU2127/2890x1500/image162347.jpg?fit=max&w=1200&q=100,
Article Ceni Chalk Gray Sofa 83,Sofa,Article,"Mid-Century, Modern",Gray,1099,Living Room,https://www.article.com/product/25353/ceni-83-sofa-chalk-gray,https://cdn-images.article.com/products/SKU22194/2890x1500/image161867.jpg?fit=max&w=1200&q=100,
Article Burrard Forest Green Sofa 83,Sofa,Article,"Mid-Century, Modern",Green,1299,Living Room,https://www.article.com/product/21200/burrard-83-5-sofa-forest-green,https://cdn-images.article.com/products/SKU13305/2890x1500/image124033.jpg?fit=max&w=1200&q=100,
Article Burrard Forest Green Loveseat,Sofa,Article,"Mid-Century, Modern",Green,1099,Living Room,https://www.article.com/product/21118/burrard-forest-green-loveseat,https://cdn-images.article.com/products/SKU14572/2890x1500/image118933.jpg?fit=max&w=1200&q=100,
Article Burrard Seasalt Gray Loveseat,Sofa,Article,"Mid-Century, Scandinavian",Gray,1099,Living Room,https://www.article.com/product/21204/burrard-67-loveseat-seasalt-gray,https://cdn-images.article.com/products/SKU430B/2890x1500/image120416.jpg?fit=max&w=1200&q=100,
Article Burrard Seasalt Gray Sectional,Sofa,Article,"Mid-Century, Scandinavian",Gray,1999,Living Room,https://www.article.com/product/21207/burrard-112-left-sectional-seasalt-gray,https://cdn-images.article.com/products/SKU433A/2890x1500/image192132.jpg?fit=max&w=1200&q=100,
Article Burrard Forest Green Sectional,Sofa,Article,"Mid-Century, Modern",Green,1999,Living Room,https://www.article.com/product/25571/burrard-112-left-sectional-forest-green,https://cdn-images.article.com/products/SKU14568/2890x1500/image192145.jpg?fit=max&w=1200&q=100,
Article Burrard Seasalt Ivory Sectional,Sofa,Article,"Mid-Century, Minimalist","Ivory, White",1999,Living Room,https://www.article.com/product/25575/burrard-112-left-sectional-seasalt-ivory,https://cdn-images.article.com/products/SKU22421/2890x1500/image188572.jpg?fit=max&w=1200&q=100,
Article Ceni Lounge Chair Quarry Gray,Chair,Article,"Mid-Century, Modern",Gray,599,Living Room,https://www.article.com/product/22222/ceni-39-lounge-chair-quarry-gray,https://cdn-images.article.com/products/SKU22222/2890x1500/image161955.jpg?fit=max&w=1200&q=100,
Article Ceni Lounge Chair Buckler Ivory,Chair,Article,"Mid-Century, Minimalist","Ivory, White",599,Living Room,https://www.article.com/product/25708/ceni-39-lounge-chair-buckler-ivory,https://cdn-images.article.com/products/SKU25708/2890x1500/image194634.jpg?fit=max&w=1200&q=100,
Article Ceni Lounge Chair Hemlock Green,Chair,Article,"Mid-Century, Modern",Green,599,Living Room,https://www.article.com/product/25343/ceni-39-lounge-chair-hemlock-green,https://cdn-images.article.com/products/SKU22220/2890x1500/image161945.jpg?fit=max&w=1200&q=100,
Article Ceni Lounge Chair Chalk Gray,Chair,Article,"Mid-Century, Minimalist",Gray,599,Living Room,https://www.article.com/product/22218/ceni-39-lounge-chair-chalk-gray,https://cdn-images.article.com/products/SKU22218/2890x1500/image122081.jpg?fit=max&w=1200&q=100,
Article Burrard Seasalt Gray Lounge Chair,Chair,Article,"Mid-Century, Scandinavian",Gray,699,Living Room,https://www.article.com/product/21208/burrard-32-lounge-chair-seasalt-gray,https://cdn-images.article.com/products/SKU435B/2890x1500/image119544.jpg?fit=max&w=1200&q=100,
Article Munk Dining Chair White Oak Ivory Boucle,Chair,Article,"Modern, Scandinavian","Ivory, White, Oak",249,Dining Room,https://www.article.com/product/23398/munk-dining-chair-white-oak-and-ivory-wool-boucle,https://cdn-images.article.com/products/SKU23398/2890x1500/image212115.jpg?fit=max&w=1200&q=100,
Article Nera King Bed with Nightstands Walnut,Bed,Article,"Mid-Century, Modern","Walnut, Brown",1999,Bedroom,https://www.article.com/product/24268/nera-king-low-profile-bed-with-nightstands-set-walnut,https://cdn-images.article.com/products/SKU12863/2890x1500/image223321.jpg?fit=max&w=1200&q=100,
Article Nera King Bed with Nightstands Oak,Bed,Article,"Mid-Century, Scandinavian","Oak, Natural",1999,Bedroom,https://www.article.com/product/25333/nera-king-low-profile-bed-with-nightstands-set-oak,https://cdn-images.article.com/products/SKU14833/2890x1500/image223353.jpg?fit=max&w=1200&q=100,
Article Nera Queen Bed with Nightstands Walnut,Bed,Article,"Mid-Century, Modern","Walnut, Brown",1799,Bedroom,https://www.article.com/product/24435/nera-queen-low-profile-bed-with-nightstands-set-walnut,https://cdn-images.article.com/products/SKU12862/2890x1500/image223473.jpg?fit=max&w=1200&q=100,
Article Nera Queen Bed with Nightstands Oak,Bed,Article,"Mid-Century, Scandinavian","Oak, Natural",1799,Bedroom,https://www.article.com/product/25334/nera-queen-low-profile-bed-with-nightstands-set-oak,https://cdn-images.article.com/products/SKU14832/2890x1500/image223441.jpg?fit=max&w=1200&q=100,
Article Nera California King Bed Walnut,Bed,Article,"Mid-Century, Modern","Walnut, Brown",2099,Bedroom,https://www.article.com/product/18185/nera-california-king-low-profile-bed-with-nightstands-set-walnut,https://cdn-images.article.com/products/SKU18185/2890x1500/image171219.jpg?fit=max&w=1200&q=100,
Article Cassie Queen Upholstered Bed Oak Ivory,Bed,Article,"Modern, Minimalist","Ivory, Oak",1599,Bedroom,https://www.article.com/product/28501/cassie-queen-upholstered-bed-with-nightstands-natural-oak-and-ivory-chenille,https://cdn-images.article.com/products/SKU23406/2890x1500/image218003.jpg?fit=max&w=1200&q=100,
Article Cassie King Upholstered Bed Oak Ivory,Bed,Article,"Modern, Minimalist","Ivory, Oak",1799,Bedroom,https://www.article.com/product/23405/cassie-king-upholstered-bed-with-nightstands-oak-and-ivory-chenille,https://cdn-images.article.com/products/SKU23405/2890x1500/image217307.jpg?fit=max&w=1200&q=100,
Article Leif Queen Storage Bed Smoked Oak,Bed,Article,"Modern, Scandinavian","Smoked Oak, Brown",1899,Bedroom,https://www.article.com/product/26234/leif-queen-storage-bed-with-nightstands-set-smoked-oak,https://cdn-images.article.com/products/SKU26234/2890x1500/image169774.jpg?fit=max&w=1200&q=100,
Article Nera 1-Drawer Nightstand Oak,Storage,Article,"Mid-Century, Scandinavian","Oak, Natural",349,Bedroom,https://www.article.com/product/25362/nera-1-drawer-nightstand-oak,https://cdn-images.article.com/products/SKU16403/2890x1500/image118385.jpg?fit=max&w=1200&q=100,
Article Nera 1-Drawer Nightstand Walnut,Storage,Article,"Mid-Century, Modern","Walnut, Brown",349,Bedroom,https://www.article.com/product/24409/nera-1-drawer-nightstand-walnut,https://cdn-images.article.com/products/SKU16402/2890x1500/image168516.jpg?fit=max&w=1200&q=100,
Article Newberry Narrow Shelf Walnut,Storage,Article,"Industrial, Modern","Walnut, Gunmetal",499,Living Room,https://www.article.com/product/18771/newberry-19-5-shelving-unit-narrow-walnut,https://cdn-images.article.com/products/SKU18771/2890x1500/image122939.jpg?fit=max&w=1200&q=100,
Article Newberry Wide Bookcase Walnut,Storage,Article,"Industrial, Modern","Walnut, Gunmetal",699,Living Room,https://www.article.com/product/18769/newberry-31-25-wide-bookcase-walnut,https://cdn-images.article.com/products/SKU18769/2890x1500/image218038.jpg?fit=max&w=1200&q=100,
Article Krossa Tall Shelving Unit White Oak,Storage,Article,"Mid-Century, Scandinavian","White Oak, Natural",799,Living Room,https://www.article.com/product/24865/krossa-32-5-shelving-unit-tall-white-oak,https://cdn-images.article.com/products/SKU24865/2890x1500/image160006.jpg?fit=max&w=1200&q=100,
Article Krossa Tall Shelving Unit Walnut,Storage,Article,"Mid-Century, Modern","Walnut, Brown",799,Living Room,https://www.article.com/product/24862/krossa-32-5-shelving-unit-tall-walnut,https://cdn-images.article.com/products/SKU24862/2890x1500/image160005.jpg?fit=max&w=1200&q=100,
Article Krossa Shelving Unit with Storage Walnut,Storage,Article,"Mid-Century, Modern","Walnut, Brown",899,Living Room,https://www.article.com/product/19015/krossa-31-5-shelving-unit-with-storage-walnut,https://cdn-images.article.com/products/SKU19015/2890x1500/image219193.jpg?fit=max&w=1200&q=100,
Article Mysen Tall Bookcase Natural Oak,Storage,Article,"Scandinavian, Minimalist","Oak, Natural",699,Living Room,https://www.article.com/product/24238/mysen-34-bookcase-tall-natural-oak,https://cdn-images.article.com/products/SKU24238/2890x1500/image163803.jpg?fit=max&w=1200&q=100,
Article Mysen Tall Bookcase Walnut,Storage,Article,"Mid-Century, Modern","Walnut, Brown",699,Living Room,https://www.article.com/product/24239/mysen-34-bookcase-tall-walnut,https://cdn-images.article.com/products/SKU24239/2890x1500/image148182.jpg?fit=max&w=1200&q=100,
Article Mysen 64 Bookcase Walnut,Storage,Article,"Mid-Century, Modern","Walnut, Brown",599,Living Room,https://article.com/product/21762/mysen-64-bookcase-walnut,https://cdn-images.article.com/products/SKU16971/2890x1500/image123530.jpg?fit=max&w=1200&q=100,
Article Torme Tall Open Bookcase White Oak,Storage,Article,"Scandinavian, Minimalist","White Oak, Natural",899,Living Room,https://www.article.com/product/24473/torme-48-bookcase-tall-white-oak,https://cdn-images.article.com/products/SKU24473/2890x1500/image160542.jpg?fit=max&w=1200&q=100,
Article Harles Shelving Unit with Storage Walnut,Storage,Article,"Mid-Century, Modern","Walnut, Brown",599,Living Room,https://www.article.com/product/19964/harles-29-5-shelving-unit-with-storage-walnut,https://cdn-images.article.com/products/SKU19964/2890x1500/image118615.jpg?fit=max&w=1200&q=100,
Article Burrard Seasalt Gray Ottoman,Storage,Article,"Mid-Century, Scandinavian",Gray,499,Living Room,https://www.article.com/product/21199/burrard-29-ottoman-seasalt-gray,https://cdn-images.article.com/products/SKU12675/2890x1500/image123959.jpg?fit=max&w=1200&q=100,
Article Seno Walnut Dining Table for 6,Table,Article,"Mid-Century, Modern","Walnut, Brown",999,Dining Room,https://www.article.com/product/15176/seno-walnut-dining-table-for-6,https://cdn-images.article.com/products/SKU365/2890x1500/image174952.jpg?fit=max&w=1200&q=100,
Article Amoeba 35 Walnut Triangle Coffee Table,Table,Article,"Mid-Century, Modern","Walnut, Brown",499,Living Room,https://www.article.com/product/24199/amoeba-35-coffee-table-walnut,https://cdn-images.article.com/products/SKU388/2890x1500/image146124.jpg?fit=max&w=1200&q=100,
Article Amoeba 42 Walnut Triangle Coffee Table,Table,Article,"Mid-Century, Modern","Walnut, Brown",599,Living Room,https://www.article.com/product/24200/amoeba-42-5-coffee-table-walnut,https://cdn-images.article.com/products/SKU390/2890x1500/image124305.jpg?fit=max&w=1200&q=100,
Article Amoeba 35 Round Coffee Table Walnut,Table,Article,"Mid-Century, Modern","Walnut, Brown",499,Living Room,https://www.article.com/product/24202/amoeba-35-5-round-coffee-table-walnut,https://cdn-images.article.com/products/SKU359/2890x1500/image146308.jpg?fit=max&w=1200&q=100,
Article Cooper 51 Rectangular Coffee Table Oak,Table,Article,"Mid-Century, Modern","Oak, Natural",599,Living Room,https://www.article.com/product/29827/cooper-51-rectangular-coffee-table-natural-oak,https://cdn-images.article.com/products/SKU27090/2890x1500/image201904.jpg?fit=max&w=1200&q=100,
Article Cooper 51 Rectangular Coffee Table Walnut,Table,Article,"Mid-Century, Modern","Walnut, Brown",599,Living Room,https://www.article.com/product/29826/cooper-51-rectangular-coffee-table-walnut,https://cdn-images.article.com/products/SKU26899/2890x1500/image211090.jpg?fit=max&w=1200&q=100,
Article Cooper 35 Coffee Table Walnut,Table,Article,"Mid-Century, Modern","Walnut, Brown",449,Living Room,https://www.article.com/product/29828/cooper-35-5-coffee-table-walnut,https://cdn-images.article.com/products/SKU26898/2890x1500/image212716.jpg?fit=max&w=1200&q=100,
Article Harmon Checkerboard Side Table Walnut,Table,Article,"Mid-Century, Modern","Walnut, Brown",299,Living Room,https://www.article.com/product/24799/harmon-checkerboard-side-table-walnut,https://cdn-images.article.com/products/SKU24799/2890x1500/image150846.jpg?fit=max&w=1200&q=100,
Article Atra Outdoor Side Table Concrete,Table,Article,"Modern, Industrial","Concrete, Gray",249,Patio & Balcony,https://www.article.com/product/12539/atra-outdoor-side-table-concrete,https://cdn-images.article.com/products/SKU12539/2890x1500/image119911.jpg?fit=max&w=1200&q=100,
Article Atra Outdoor Coffee Table Concrete,Table,Article,"Modern, Industrial","Concrete, Gray",349,Patio & Balcony,https://www.article.com/product/12538/atra-32-outdoor-coffee-table-concrete,https://cdn-images.article.com/products/SKU12538/2890x1500/image119297.jpg?fit=max&w=1200&q=100,
Article Atra Outdoor Cafe Table Concrete,Table,Article,"Modern, Industrial","Concrete, Gray",499,Patio & Balcony,https://www.article.com/product/12430/atra-outdoor-cafe-table-concrete,https://cdn-images.article.com/products/SKU12430/2890x1500/image125967.jpg?fit=max&w=1200&q=100,
Article Nosh Bench Walnut Chalk Gray 51,Bench,Article,"Mid-Century, Modern","Gray, Walnut",349,Dining Room,https://www.article.com/product/20090/nosh-51-5-bench-walnut-and-chalk-gray,https://cdn-images.article.com/products/SKU20090/2890x1500/image123042.jpg?fit=max&w=1200&q=100,
Article Nosh Bench Walnut Quarry Gray 51,Bench,Article,"Mid-Century, Modern","Gray, Walnut",349,Dining Room,https://www.article.com/product/20091/nosh-51-5-bench-walnut-and-quarry-gray,https://cdn-images.article.com/products/SKU20091/2890x1500/image126205.jpg?fit=max&w=1200&q=100,
Article Lubek Outdoor Bench Byron Gray 84,Bench,Article,"Modern, Industrial",Gray,599,Patio & Balcony,https://article.com/product/18192/lubek-byron-gray-bench,https://cdn-images.article.com/products/SKU18192/2890x1500/image119081.jpg?fit=max&w=1200&q=100,
Article Sardis Outdoor Bench Vintage Brown 56,Bench,Article,"Modern, Industrial","Brown, Teak",499,Patio & Balcony,https://www.article.com/product/18968/sardis-56-outdoor-bench-vintage-brown,https://cdn-images.article.com/products/SKU18968/2890x1500/image120655.jpg?fit=max&w=1200&q=100,
Target Howell Upholstered Accent Chair Wood Base,Chair,Target,"Modern, Scandinavian","Cream, Natural",300,Living Room,https://www.target.com/p/howell-upholstered-accent-chair-with-wood-base-threshold-designed-with-studio-mcgee/-/A-81337808,https://target.scene7.com/is/image/Target/GUEST_07cfe85c-dbfc-4580-b5c1-62ef2cb4c72d,
Target Wing Arm Accent Chair Velvet Beige,Chair,Target,"Modern, Boho",Beige,350,Living Room,https://www.target.com/p/wing-arm-accent-chair-velvet-beige-threshold-designed-with-studio-mcgee/-/A-89089209,https://target.scene7.com/is/image/Target/GUEST_2f082398-1c36-4c70-946f-2ecfae1cbd26,
Target Vernon Upholstered Barrel Accent Chair,Chair,Target,"Modern, Boho","Cream, Natural",320,Living Room,https://www.target.com/p/vernon-upholstered-barrel-accent-chair-threshold-designed-with-studio-mcgee/-/A-83365994,https://target.scene7.com/is/image/Target/GUEST_902493ec-22a6-4030-8001-7f760f19974c,
Target Santa Monica Office Chair,Chair,Target,"Modern, Minimalist",Cream,300,Living Room,https://www.target.com/p/santa-monica-office-chair-threshold-designed-with-studio-mcgee/-/A-89441970,https://target.scene7.com/is/image/Target/GUEST_3cf94114-e8c0-4587-8319-51e82bcc27f1,
Target Santa Monica Office Chair Saddle Brown,Chair,Target,"Modern, Industrial","Brown, Saddle",300,Living Room,https://www.target.com/p/santa-monica-office-chair-sonoran-saddle-brown-threshold-8482-designed-with-studio-mcgee/-/A-89311412,https://target.scene7.com/is/image/Target/GUEST_964215f7-1792-4c66-845f-ea999bc1afce,
Target 68 Dosinia Bookshelf Brown,Storage,Target,"Modern, Scandinavian",Brown,300,Living Room,https://www.target.com/p/68-25-34-dosinia-bookshelf-brown-threshold-8482-designed-with-studio-mcgee/-/A-91251208,https://target.scene7.com/is/image/Target/GUEST_86a1edec-06da-4c8e-b486-245c7360eeed,
Target Sandpoint Bookcase with Drawers,Storage,Target,"Modern, Scandinavian","Natural, Brown",400,Living Room,https://www.target.com/p/sandpoint-bookcase-with-drawers-threshold-8482-designed-with-studio-mcgee/-/A-89529721,https://target.scene7.com/is/image/Target/GUEST_aa8dae67-b172-4247-b362-499800a73108,
Target Lynwood Square Upholstered Cube Cream,Storage,Target,"Modern, Minimalist","Cream, White",120,Living Room,https://www.target.com/p/lynwood-square-upholstered-cube-ottoman-threshold-designed-with-studio-mcgee/-/A-81264305,https://target.scene7.com/is/image/Target/GUEST_8254241f-db60-4648-b240-6b6386cde9ed,
Target Lynwood Square Cube Light Brown,Storage,Target,"Modern, Scandinavian",Light Brown,120,Living Room,https://www.target.com/p/lynwood-square-upholstered-cube-light-brown-threshold-8482-designed-with-studio-mcgee/-/A-88885043,https://target.scene7.com/is/image/Target/GUEST_75c1ecef-da9d-45bb-9534-2eaf04244476,
Target Lynwood Storage Bench,Bench,Target,"Modern, Scandinavian","Natural, Cream",250,Bedroom,https://www.target.com/p/lynwood-storage-bench-threshold-designed-with-studio-mcgee/-/A-90835704,https://target.scene7.com/is/image/Target/GUEST_eb0d5f50-b029-4f19-bb48-01ec73e1791e,
Christopher Knight Home Evelyn Mid Century Loveseat Dark Gray,Sofa,Amazon,"Mid-Century, Modern",Dark Gray,449.99,Living Room,https://www.amazon.com/Christopher-Knight-Home-52-75x31-5x32-68-Mid-Century/dp/B07F25GQ6X,https://m.media-amazon.com/images/I/A1W2foOzbBL._AC_SY300_SX300_QL70_FMwebp_.jpg,
Modway Engage Mid-Century Upholstered Sofa Gray,Sofa,Amazon,"Mid-Century, Modern",Gray,799.99,Living Room,https://www.amazon.com/Modway-Engage-Mid-Century-Modern-Upholstered/dp/B00I52XI0Y,https://m.media-amazon.com/images/I/81P-0ZUZwLL._AC_SY300_SX300_QL70_FMwebp_.jpg,
HONBAY Convertible Sectional Sofa L-Shaped Dark Grey,Sofa,Amazon,"Modern, Minimalist",Dark Gray,399.99,Living Room,https://www.amazon.com/HONBAY-Convertible-Sectional-L-Shaped-Modern/dp/B07LBRDCTT,https://m.media-amazon.com/images/I/81Kl3F2JxqL._AC_SX300_SY300_QL70_FMwebp_.jpg,
Serta Palisades 73 Track Arm Sofa Glacial Gray,Sofa,Amazon,"Modern, Minimalist",Gray,459.99,Living Room,https://www.amazon.com/Serta-Palisades-Collection-Sofa-Glacial/dp/B00SKRWLMU,https://m.media-amazon.com/images/I/81LKrEGzZWL._AC_SY300_SX300_QL70_FMwebp_.jpg,
Novogratz Brittany Futon Sofa Bed Blue Linen,Sofa,Amazon,"Modern, Minimalist",Blue,269.99,Living Room,https://www.amazon.com/Novogratz-Brittany-Sofa-Futon-Linen/dp/B01LY1WBQN,https://m.media-amazon.com/images/I/61-YZAc9zeL._AC_SY300_SX300_QL70_FMwebp_.jpg,
Walker Edison Georgetown Farmhouse TV Stand 58,Storage,Amazon,"Industrial, Modern","Brown, Barnwood",199.99,Living Room,https://www.amazon.com/WE-Furniture-Barn-Stand-Barnwood/dp/B01MU60Y44,https://m.media-amazon.com/images/I/71y11F3aqGL._AC_SY300_SX300_QL70_FMwebp_.jpg,
Walker Edison Wren Classic TV Stand 58 Barnwood,Storage,Amazon,"Mid-Century, Modern","Acorn, Brown",229.99,Living Room,https://www.amazon.com/Walker-Edison-Stand-Console-Barnwood/dp/B017SPQ4K4,https://m.media-amazon.com/images/I/71fIM6tBmRL._AC_SY300_SX300_QL70_FMwebp_.jpg,
South Shore Step One Platform Bed with Storage Queen Black,Bed,Amazon,"Modern, Minimalist",Black,189.99,Bedroom,https://www.amazon.com/South-Shore-Basic-Platform-Drawers/dp/B01D9MVZCC,https://m.media-amazon.com/images/I/71bYPMcCylL._AC_SY300_SX300_QL70_FMwebp_.jpg,
DHP Emerson Metal Canopy Bed Queen White,Bed,Amazon,"Boho, Modern",White,169.99,Bedroom,https://www.amazon.com/DHP-Emerson-Metal-Canopy-Queen/dp/B07YYL4ZST,https://m.media-amazon.com/images/I/51HdZx4WUjL._AC_SY300_SX300_QL70_FMwebp_.jpg,
Signature Design Ashley Calverson Platform Bed Queen Mocha,Bed,Amazon,"Modern, Minimalist","Mocha, Brown",229.99,Bedroom,https://www.amazon.com/Signature-Design-Ashley-Calverson-Mid-Century/dp/B092YFQFWC,https://m.media-amazon.com/images/I/61ZFwQtQ7XS._AC_SX300_SY300_QL70_FMwebp_.jpg,
Christopher Knight Home Barron Dining Chairs Set 2 Light Grey,Chair,Amazon,"Mid-Century, Modern","Light Gray, Walnut",179.99,Dining Room,https://www.amazon.com/Christopher-Knight-Home-299972-Barron/dp/B07D9CPCRR,https://m.media-amazon.com/images/I/71VXQhCYdoL._AC_SY300_SX300_QL70_FMwebp_.jpg,
Flash Furniture HERCULES 500lb Black Vinyl Stacking Chair,Chair,Amazon,"Modern, Minimalist",Black,79.99,Dining Room,https://www.amazon.com/Flash-Furniture-HERCULES-Capacity-Stacking/dp/B003WOUVQE,https://m.media-amazon.com/images/I/71DJmvpBIJL._AC_SX300_SY300_QL70_FMwebp_.jpg,
GreenForest Dining Table Rectangular Modern Black,Table,Amazon,"Modern, Minimalist",Black,129.99,Dining Room,https://www.amazon.com/GreenForest-Dining-Table-Rectangular-Black/dp/B089SQD278,https://m.media-amazon.com/images/I/51vcOi2RKlL._AC_SX300_SY300_QL70_FMwebp_.jpg,
Nathan James Piper Faux Marble Coffee Table Gold,Table,Amazon,"Modern, Minimalist","White, Gold",109.99,Living Room,https://www.amazon.com/Nathan-James-Marble-Modern-Living/dp/B07X24L458,https://m.media-amazon.com/images/I/91gXe35YVKL._AC_SY300_SX300_QL70_FMwebp_.jpg,
Nathan James Theo 5-Shelf Ladder Bookcase,Storage,Amazon,"Industrial, Modern","Brown, Black",89.99,Living Room,https://www.amazon.com/Nathan-James-65501-Bookshelf-Bookcase/dp/B07F8LYKFY,https://m.media-amazon.com/images/I/71TRZuq7z7L._AC_SY300_SX300_QL70_FMwebp_.jpg,
Furinno Turn-N-Tube Corner Display Rack Walnut,Storage,Amazon,"Modern, Minimalist","Walnut, Brown",39.99,Living Room,https://www.amazon.com/Furinno-2-99811WN-Turn-N-Tube-Corner-Display/dp/B07MVQ6YZV,https://m.media-amazon.com/images/I/71Q0iJ3r6eL._AC_SY300_SX300_QL70_FMwebp_.jpg,
Modway Render 48 TV Stand Walnut,Storage,Amazon,"Mid-Century, Modern","Walnut, Brown",219.99,Living Room,https://www.amazon.com/Modway-Render-Mid-Century-Modern-Profile/dp/B078KDCJHT,https://m.media-amazon.com/images/I/61Vnu2LAHHS._AC_SY300_SX300_QL70_FMwebp_.jpg,
VASAGLE 5-Tier Industrial Bookshelf Rustic Brown,Storage,Amazon,"Industrial, Modern","Rustic Brown, Black",69.99,Living Room,https://www.amazon.com/VASAGLE-Bookshelf-Bookcase-Industrial-ULLS025B01/dp/B086TY1688,https://m.media-amazon.com/images/I/71YgFaDEE1L._AC_SY300_SX300_QL70_FMwebp_.jpg,
SONGMICS MAZIE 43 Folding Storage Ottoman Dark Gray,Bench,Amazon,"Industrial, Modern",Dark Gray,79.99,Living Room,https://www.amazon.com/SONGMICS-ULSF77K-Folding-Ottoman-Storage/dp/B07JNFKYC3,https://m.media-amazon.com/images/I/810mT03Bl1L._AC_SY300_SX300_QL70_FMwebp_.jpg,
Linon Bench Blue Linen,Bench,Amazon,"Modern, Minimalist",Blue,149.99,Living Room,https://www.amazon.com/Linon-368254BLU01U-Bench-Blue/dp/B07D9CT87X,https://m.media-amazon.com/images/I/81S7GwhXwGL._AC_SX300_SY300_QL70_FMwebp_.jpg,
HEMNES Bed Frame Twin White,Bed,IKEA,"Scandinavian, Minimalist","White, Pine",249,Bedroom,https://www.ikea.com/us/en/p/hemnes-bed-frame-white-stain-luroey-s09011674/,https://www.ikea.com/us/en/images/products/hemnes-bed-frame-white-stain-luroey__0948863_pe799334_s5.jpg,
HEMNES Bed Frame Twin Black-Brown,Bed,IKEA,"Scandinavian, Minimalist","Black, Brown",249,Bedroom,https://www.ikea.com/us/en/p/hemnes-bed-frame-black-brown-30249551/,https://www.ikea.com/us/en/images/products/hemnes-bed-frame-black-brown__0948862_pe799356_s5.jpg,
HEMNES Bed Frame Full Black-Brown,Bed,IKEA,"Scandinavian, Minimalist","Black, Brown",299,Bedroom,https://www.ikea.com/us/en/p/hemnes-bed-frame-black-brown-s29931577/,https://www.ikea.com/us/en/images/products/hemnes-bed-frame-black-brown__0637551_pe704560_s5.jpg,
HEMNES Bed Frame Queen White,Bed,IKEA,"Scandinavian, Minimalist","White, Pine",329,Bedroom,https://www.ikea.com/us/en/p/hemnes-bed-frame-white-stain-luroey-s99007856/,https://www.ikea.com/us/en/images/products/hemnes-bed-frame-white-stain-luroey__0637516_pe698353_s5.jpg,
HEMNES Bed Frame Queen Black-Brown,Bed,IKEA,"Scandinavian, Minimalist","Black, Brown",329,Bedroom,https://www.ikea.com/us/en/p/hemnes-bed-frame-black-brown-s19931592/,https://www.ikea.com/us/en/images/products/hemnes-bed-frame-black-brown__0637551_pe704560_s5.jpg,
HEMNES Bed Frame King Black-Brown,Bed,IKEA,"Scandinavian, Minimalist","Black, Brown",379,Bedroom,https://www.ikea.com/us/en/p/hemnes-bed-frame-black-brown-s49931581/,https://www.ikea.com/us/en/images/products/hemnes-bed-frame-black-brown__0637551_pe704560_s5.jpg,
HEMNES Storage Bed Full White,Bed,IKEA,"Scandinavian, Modern","White, Pine",429,Bedroom,https://www.ikea.com/us/en/p/hemnes-bed-frame-with-2-storage-boxes-white-stain-luroey-s29275310/,https://www.ikea.com/us/en/images/products/hemnes-bed-frame-with-2-storage-boxes-white-stain-luroey__1154514_pe886090_s5.jpg,
HEMNES Storage Bed Queen White,Bed,IKEA,"Scandinavian, Modern","White, Pine",529,Bedroom,https://www.ikea.com/us/en/p/hemnes-bed-frame-with-4-storage-boxes-white-stain-luroey-s89172352/,https://www.ikea.com/us/en/images/products/hemnes-bed-frame-with-4-storage-boxes-white-stain-luroey__1154513_pe886108_s5.jpg,
HEMNES Storage Bed Queen Black-Brown,Bed,IKEA,"Scandinavian, Modern","Black, Brown",529,Bedroom,https://www.ikea.com/us/en/p/hemnes-bed-frame-with-4-storage-boxes-black-brown-luroey-s29172350/,https://www.ikea.com/us/en/images/products/hemnes-bed-frame-with-4-storage-boxes-black-brown-luroey__0948874_pe799343_s5.jpg,
MALM Bed Frame Full White,Bed,IKEA,"Modern, Minimalist",White,229,Bedroom,https://www.ikea.com/us/en/p/malm-storklinta-bedroom-furniture-set-of-4-white-s79577659/,https://www.ikea.com/us/en/images/products/malm-storklinta-bedroom-furniture-set-of-4-white__1370846_pe959024_s5.jpg,
MALM Bed Frame Queen White,Bed,IKEA,"Modern, Minimalist",White,249,Bedroom,https://www.ikea.com/us/en/p/malm-storklinta-bedroom-furniture-set-of-4-white-s19577657/,https://www.ikea.com/us/en/images/products/malm-storklinta-bedroom-furniture-set-of-4-white__1370846_pe959024_s5.jpg,
MALM Bed Frame King White,Bed,IKEA,"Modern, Minimalist",White,279,Bedroom,https://www.ikea.com/us/en/p/malm-storklinta-bedroom-furniture-set-of-4-white-s99577658/,https://www.ikea.com/us/en/images/products/malm-storklinta-bedroom-furniture-set-of-4-white__1370846_pe959024_s5.jpg,
MALM Bed Frame Queen Oak,Bed,IKEA,"Modern, Scandinavian","Oak, Brown",269,Bedroom,https://www.ikea.com/us/en/p/malm-storklinta-bedroom-furniture-set-of-2-oak-veneer-oak-effect-s29577666/,https://www.ikea.com/us/en/images/products/malm-storklinta-bedroom-furniture-set-of-2-oak-veneer-oak-effect__1435473_pe983842_s5.jpg,
KALLAX Shelf Unit 2x2 White,Storage,IKEA,"Modern, Minimalist",White,89,Living Room,https://www.ikea.com/us/en/p/kallax-shelf-unit-white-20275814/,https://www.ikea.com/us/en/images/products/kallax-shelf-unit-white__0644753_pe702937_s5.jpg,
KALLAX Shelf Unit 4x1 White with 4 Drawers,Storage,IKEA,"Modern, Minimalist",White,129,Living Room,https://www.ikea.com/us/en/p/kallax-shelf-unit-with-2-inserts-with-4-drawers-white-s79278293/,https://www.ikea.com/us/en/images/products/kallax-shelf-unit-with-2-inserts-with-4-drawers-white__0754392_pe747903_s5.jpg,
KALLAX Shelf Unit 4x1 Oak with 4 Drawers,Storage,IKEA,"Modern, Scandinavian","Oak, Brown",129,Living Room,https://www.ikea.com/us/en/p/kallax-shelf-unit-with-2-inserts-with-4-drawers-white-stained-oak-effect-s79197584/,https://www.ikea.com/us/en/images/products/kallax-shelf-unit-with-2-inserts-with-4-drawers-white-stained-oak-effect__0754389_pe747900_s5.jpg,
KALLAX Shelf Unit 4x1 Black-Brown with 4 Drawers,Storage,IKEA,"Modern, Scandinavian","Black, Brown",129,Living Room,https://www.ikea.com/us/en/p/kallax-shelf-unit-with-2-inserts-with-4-drawers-black-brown-s39278290/,https://www.ikea.com/us/en/images/products/kallax-shelf-unit-with-2-inserts-with-4-drawers-black-brown__0754390_pe747901_s5.jpg,
KALLAX Shelving Unit 4x2 White with Underframe,Storage,IKEA,"Modern, Minimalist",White,179,Living Room,https://www.ikea.com/us/en/p/kallax-shelving-unit-with-underframe-with-2-shelf-inserts-white-s99552912/,https://www.ikea.com/us/en/images/products/kallax-shelving-unit-with-underframe-with-2-shelf-inserts-white__1274671_pe930474_s5.jpg,
KALLAX Shelving Unit 4x2 White with 2 Shelves,Storage,IKEA,"Modern, Minimalist",White,159,Living Room,https://www.ikea.com/us/en/p/kallax-shelving-unit-with-2-shelf-inserts-white-s39552905/,https://www.ikea.com/us/en/images/products/kallax-shelving-unit-with-2-shelf-inserts-white__1246159_pe922029_s5.jpg,
KALLAX Shelving Unit 4x2 White with 2 Doors,Storage,IKEA,"Modern, Scandinavian",White,199,Living Room,https://www.ikea.com/us/en/p/kallax-shelving-unit-with-2-doors-with-2-shelf-inserts-white-s79552908/,https://www.ikea.com/us/en/images/products/kallax-shelving-unit-with-2-doors-with-2-shelf-inserts-white__1286557_pe933608_s5.jpg,
KALLAX Shelving 4x2 with 2 Doors 4 Drawers,Storage,IKEA,"Modern, Scandinavian",White,249,Living Room,https://www.ikea.com/us/en/p/kallax-shelving-unit-with-underframe-with-2-doors-4-drawers-white-s79552913/,https://www.ikea.com/us/en/images/products/kallax-shelving-unit-with-underframe-with-2-doors-4-drawers-white__1245496_pe921638_s5.jpg,
BILLY Bookcase White 31x79 with Doors,Storage,IKEA,"Scandinavian, Minimalist",White,79,Living Room,https://www.ikea.com/us/en/p/billy-bookcase-with-doors-white-s39581494/,https://www.ikea.com/us/en/images/products/billy-bookcase-with-doors-white__0667808_pe714092_s5.jpg,
BILLY Bookcase Oak 31x79,Storage,IKEA,"Scandinavian, Minimalist","Oak, Brown",79,Living Room,https://www.ikea.com/us/en/p/billy-bookcase-oak-effect-10508932/,https://www.ikea.com/us/en/images/products/billy-bookcase-oak-effect__1097086_pe864714_s5.jpg,
BILLY Bookcase Black Oak 31x79,Storage,IKEA,"Scandinavian, Modern","Black, Brown",79,Living Room,https://www.ikea.com/us/en/p/billy-bookcase-black-oak-effect-40477340/,https://www.ikea.com/us/en/images/products/billy-bookcase-black-oak-effect__1097080_pe864708_s5.jpg,
BILLY Bookcase Dark Brown Oak 31x79,Storage,IKEA,"Scandinavian, Modern",Brown,79,Living Room,https://www.ikea.com/us/en/p/billy-bookcase-dark-brown-oak-effect-80492782/,https://www.ikea.com/us/en/images/products/billy-bookcase-dark-brown-oak-effect__1097079_pe864707_s5.jpg,
BILLY Bookcase Oak 15x79,Storage,IKEA,"Scandinavian, Minimalist","Oak, Natural",69,Living Room,https://www.ikea.com/us/en/p/billy-bookcase-oak-effect-60477382/,https://www.ikea.com/us/en/images/products/billy-bookcase-oak-effect__1097081_pe864709_s5.jpg,
BILLY Bookcase Oak 31x41,Storage,IKEA,"Scandinavian, Minimalist","Oak, Natural",59,Living Room,https://www.ikea.com/us/en/p/billy-bookcase-oak-effect-90477385/,https://www.ikea.com/us/en/images/products/billy-bookcase-oak-effect__1097104_pe864732_s5.jpg,
Aizlyn Nightstand Set of 2,Storage,Wayfair,"Mid-Century, Modern","Black, Gold",265.99,Bedroom,https://www.wayfair.com/furniture/pdp/wrought-studio-aizlyn-2-drawer-solid-wood-nightstand-w008840805.html,https://assets.wfcdn.com/im/65784522/compr-r85/2891/289194285/Aizlyn+Mid-Century+Modern+Solid+Wood+Groove-Handle+Nightstands.jpg,
Lafever 3-Drawer Nightstand Set,Storage,Wayfair,"Mid-Century, Modern","White, Natural",289.99,Bedroom,https://www.wayfair.com/furniture/pdp/george-oliver-lafever-3-drawer-solid-wood-nightstand-w008840405.html,https://assets.wfcdn.com/im/00162124/compr-r85/2005/200564269/Lafever+Mid-Century+Modern+Minimalist+3-Drawer+Solid+Wood+Nightstands.jpg,
Ebern Solid Wood Nightstand,Storage,Wayfair,"Scandinavian, Minimalist","Oak, Natural",179.99,Bedroom,https://www.wayfair.com/furniture/pdp/ebern-designs-glenni-1-drawer-solid-wood-nightstand-w114965595.html,https://assets.wfcdn.com/im/56217230/compr-r85/4008/400847922/Solid+Wood+Mid-Century+Modern+Nightstand.jpg,
Jhasir Acacia Nightstand,Storage,Wayfair,"Japandi, Minimalist","Acacia, Brown",199.99,Bedroom,https://www.wayfair.com/furniture/pdp/union-rustic-jhasir-2-drawer-solid-wood-nightstand-w100720644.html,https://assets.wfcdn.com/im/57655033/compr-r85/2367/236787725/Acacia+Jhasir+Solid+Wood+Nightstand%2C+Mid+Century+Modern+Side+Table+Bedroom+with+Storage.jpg,
Harmony Carved Japandi Nightstand,Storage,Wayfair,"Japandi, Scandinavian","Natural, White",239.99,Bedroom,https://www.wayfair.com/furniture/pdp/mistana-harmony-1-drawer-solid-wood-nightstand-w114162996.html,https://assets.wfcdn.com/im/88036656/compr-r85/3443/344311187/Harmony+Solid+Wood+2-Drawer+Nightstand+%E2%80%93+Mid-Century+Modern+Bedside+Table+with+Hand-Carved+Wood+Texture.jpg,
LISABO Chair Ash,Chair,IKEA,"Scandinavian, Minimalist","Ash, Natural",80,Living Room,https://www.ikea.com/us/en/p/lisabo-chair-ash-00457235/,https://www.ikea.com/us/en/images/products/lisabo-chair-ash__0786549_pe763015_s5.jpg,
LISABO Chair Black,Chair,IKEA,"Scandinavian, Modern",Black,80,Living Room,https://www.ikea.com/us/en/p/lisabo-chair-black-60446786/,https://www.ikea.com/us/en/images/products/lisabo-chair-black__0786548_pe763014_s5.jpg,
LISABO Chair Ash with Cushion,Chair,IKEA,"Scandinavian, Modern","Ash, White, Black",120,Living Room,https://www.ikea.com/us/en/p/lisabo-cushioned-chair-ash-white-black-90561044/,https://www.ikea.com/us/en/images/products/lisabo-chair-ash-tallmyra-white-black__1243660_pe920705_s5.jpg,
LISABO Chair Black with Cushion,Chair,IKEA,"Scandinavian, Modern","Black, Gray",120,Living Room,https://www.ikea.com/us/en/p/lisabo-cushioned-chair-black-gray-90561039/,https://www.ikea.com/us/en/images/products/lisabo-chair-black-tallmyra-black-gray__1243670_pe920712_s5.jpg,
LISABO Table + 4 Chairs Ash,Table,IKEA,"Scandinavian, Minimalist","Ash, Natural",579,Living Room,https://www.ikea.com/us/en/p/lisabo-table-and-4-chairs-ash-s49385529/,https://www.ikea.com/us/en/images/products/lisabo-lisabo-table-and-4-chairs-ash-veneer-ash__0921113_pe787668_s5.jpg,
LISABO Table + 4 Chairs Black,Table,IKEA,"Scandinavian, Modern",Black,589,Living Room,https://www.ikea.com/us/en/p/lisabo-table-and-4-chairs-black-s89385532/,https://www.ikea.com/us/en/images/products/lisabo-lisabo-table-and-4-chairs-ash-veneer-black__0921114_pe787670_s5.jpg,
LISABO Table + 2 Chairs Black,Table,IKEA,"Scandinavian, Minimalist",Black,349,Living Room,https://www.ikea.com/us/en/p/lisabo-table-and-2-chairs-black-s49545090/,https://www.ikea.com/us/en/images/products/lisabo-lisabo-table-and-2-chairs-black-black__1241017_pe919624_s5.jpg,
HEMNES Coffee Table White Stain,Table,IKEA,"Scandinavian, Minimalist","White, Pine",149,Living Room,https://www.ikea.com/us/en/p/hemnes-coffee-table-white-stain-light-brown-30413495/,https://www.ikea.com/us/en/images/products/hemnes-coffee-table-white-stain-light-brown__0735559_pe740009_s5.jpg,
LACK Coffee Table White,Table,IKEA,"Modern, Minimalist",White,29.99,Living Room,https://www.ikea.com/us/en/p/lack-coffee-table-white-30449908/,https://www.ikea.com/us/en/images/products/lack-side-table-white__0702210_pe724345_s5.jpg,
LACK Coffee Table Black,Table,IKEA,"Modern, Minimalist",Black,29.99,Living Room,https://www.ikea.com/us/en/p/lack-coffee-table-black-brown-00104291/,https://www.ikea.com/us/en/images/products/lack-coffee-table-black-brown__57537_pe163119_s5.jpg,
MICKE Desk White,Table,IKEA,"Modern, Minimalist",White,79,Living Room,https://www.ikea.com/us/en/p/micke-desk-white-20244747/,https://www.ikea.com/us/en/images/products/micke-desk-black-brown__0736021_pe740348_s5.jpg,
"KIVIK Sofa, Gunnared beige",Sofa,IKEA,Modern,Beige,599,Living Room,https://www.ikea.com/us/en/p/kivik-sofa-gunnared-beige-s89499703/,https://www.ikea.com/us/en/images/products/kivik-sofa-gunnared-beige__0781491_pe760799_s5.jpg,
"KIVIK 1-Seat Sleeper Sofa, Tallmyra blue",Sofa,IKEA,Modern,Blue,499,Living Room,https://www.ikea.com/us/en/p/kivik-1-seat-sleeper-sofa-tallmyra-blue-s09499655/,https://www.ikea.com/us/en/images/products/kivik-1-seat-sleeper-sofa-tallmyra-blue__1191060_pe900437_s5.jpg,
"KIVIK Sofa, Tibbleby beige/gray",Sofa,IKEA,Modern,Beige,599,Living Room,https://www.ikea.com/us/en/p/kivik-sofa-tibbleby-beige-gray-s39440593/,https://www.ikea.com/us/en/images/products/kivik-sofa-tibbleby-beige-gray__1056144_pe848277_s5.jpg,
"KIVIK Sofa with Chaise, Tresund anthracite",Sofa,IKEA,Modern,Gray,899,Living Room,https://www.ikea.com/us/en/p/kivik-sofa-with-chaise-tresund-anthracite-s09482848/,https://www.ikea.com/us/en/images/products/kivik-sofa-with-chaise-tresund-anthracite__1124126_pe875027_s5.jpg,
"KIVIK 1-Seat Sleeper Sofa, Tibbleby beige/gray",Sofa,IKEA,Modern,Beige,479,Living Room,https://www.ikea.com/us/en/p/kivik-1-seat-sleeper-sofa-tibbleby-beige-gray-s29470236/,https://www.ikea.com/us/en/images/products/kivik-1-seat-sleeper-sofa-tibbleby-beige-gray__1130878_pe877951_s5.jpg,
"KIVIK 1-Seat Sleeper Sofa, Gunnared light green",Sofa,IKEA,Modern,Green,499,Living Room,https://www.ikea.com/us/en/p/kivik-1-seat-sleeper-sofa-gunnared-light-green-s59499653/,https://www.ikea.com/us/en/images/products/kivik-1-seat-sleeper-sofa-gunnared-light-green__1132756_pe878290_s5.jpg,
"MICKE Desk, white",Table,IKEA,Modern,White,99.99,Office,https://www.ikea.com/us/en/p/micke-desk-white-80213074/,https://www.ikea.com/us/en/images/products/micke-desk-white__0736018_pe740345_s5.jpg,
"MICKE Desk, black-brown",Table,IKEA,Modern,Black,99.99,Office,https://www.ikea.com/us/en/p/micke-desk-black-brown-10244743/,https://www.ikea.com/us/en/images/products/micke-desk-black-brown__0735981_pe740299_s5.jpg,
"MICKE Desk Small, black-brown",Table,IKEA,Modern,Black,64.99,Office,https://www.ikea.com/us/en/p/micke-desk-black-brown-20244747/,https://www.ikea.com/us/en/images/products/micke-desk-black-brown__0736021_pe740348_s5.jpg,
"MICKE Desk Large, white",Table,IKEA,Modern,White,99.99,Office,https://www.ikea.com/us/en/p/micke-desk-white-90214308/,https://www.ikea.com/us/en/images/products/micke-desk-white__0736020_pe740347_s5.jpg,
"MICKE Desk Large, black-brown",Table,IKEA,Modern,Black,99.99,Office,https://www.ikea.com/us/en/p/micke-desk-black-brown-60244745/,https://www.ikea.com/us/en/images/products/micke-desk-black-brown__0736019_pe740346_s5.jpg,
"MICKE Desk, anthracite/red",Table,IKEA,Modern,Gray,99.99,Office,https://www.ikea.com/us/en/p/micke-desk-anthracite-red-80489850/,https://www.ikea.com/us/en/images/products/micke-desk-anthracite-red__0921882_pe787985_s5.jpg,
"MICKE Desk Small, white",Table,IKEA,Modern,White,64.99,Office,https://www.ikea.com/us/en/p/micke-desk-white-30213076/,https://www.ikea.com/us/en/images/products/micke-desk-white__0736022_pe740349_s5.jpg,
"MICKE Corner Workstation, white",Table,IKEA,Modern,White,299.99,Office,https://www.ikea.com/us/en/p/micke-corner-workstation-white-50250713/,https://www.ikea.com/us/en/images/products/micke-corner-workstation-white__0734328_pe739442_s5.jpg,
"MICKE Desk, white/anthracite",Table,IKEA,Modern,White,99.99,Office,https://www.ikea.com/us/en/p/micke-desk-white-anthracite-10489839/,https://www.ikea.com/us/en/images/products/micke-desk-white-anthracite__0921886_pe787989_s5.jpg,
"RANARP Work Lamp, off-white",Storage,IKEA,Industrial,White,54.99,Office,https://www.ikea.com/us/en/p/ranarp-work-lamp-off-white-50231319/,https://www.ikea.com/us/en/images/products/ranarp-work-lamp-off-white__0610455_pe685514_s5.jpg,
"RANARP Wall/Clamp Spotlight, off-white",Storage,IKEA,Industrial,White,39.99,Living Room,https://www.ikea.com/us/en/p/ranarp-wall-clamp-spotlight-off-white-20231325/,https://www.ikea.com/us/en/images/products/ranarp-wall-clamp-spotlight-off-white__0606605_pe682409_s5.jpg,
"RANARP Floor Lamp, off-white",Storage,IKEA,Industrial,White,69.99,Living Room,https://www.ikea.com/us/en/p/ranarp-floor-reading-lamp-off-white-90231303/,https://www.ikea.com/us/en/images/products/ranarp-floor-reading-lamp-off-white__0606895_pe682605_s5.jpg,
"RANARP Wall/Clamp Spotlight, black",Storage,IKEA,Industrial,Black,39.99,Living Room,https://www.ikea.com/us/en/p/ranarp-wall-clamp-spotlight-black-80331402/,https://www.ikea.com/us/en/images/products/ranarp-wall-clamp-spotlight-black__0606607_pe682410_s5.jpg,
"RANARP Floor Lamp, black",Storage,IKEA,Industrial,Black,69.99,Living Room,https://www.ikea.com/us/en/p/ranarp-floor-reading-lamp-black-00331383/,https://www.ikea.com/us/en/images/products/ranarp-floor-reading-lamp-black__0606896_pe682604_s5.jpg,
"RANARP Pendant Lamp, black",Storage,IKEA,Industrial,Black,59.99,Dining Room,https://www.ikea.com/us/en/p/ranarp-pendant-lamp-black-10390956/,https://www.ikea.com/us/en/images/products/ranarp-pendant-lamp-black__0613059_pe686147_s5.jpg,
"RANARP Work Lamp, black",Storage,IKEA,Industrial,Black,54.99,Office,https://www.ikea.com/us/en/p/ranarp-work-lamp-black-10331392/,https://www.ikea.com/us/en/images/products/ranarp-work-lamp-black__0610458_pe685517_s5.jpg,
Article Feast Gravel Gray Dining Chair,Chair,Article,"Mid-Century, Modern","Gray, Walnut",149,Dining Room,https://article.com/product/3192/feast-gravel-gray-dining-chair,https://cdn-images.article.com/products/SKU3192/2890x1500/image86996.jpg,
IKEA FRIHETEN Sleeper Sofa Skiftebo Dark Gray,Sofa,IKEA,"Modern, Minimalist",Dark Gray,599,Living Room,https://www.ikea.com/us/en/p/friheten-sleeper-sofa-skiftebo-dark-gray-90341151/,https://www.ikea.com/us/en/images/products/friheten-sleeper-sofa-skiftebo-dark-gray__0525504_pe644868_s5.jpg,
IKEA SÖDERHAMN Sofa Viarp Beige Brown,Sofa,IKEA,"Modern, Minimalist","Beige, Brown",699,Living Room,https://www.ikea.com/us/en/p/soederhamn-sofa-viarp-beige-brown-s59305706/,https://www.ikea.com/us/en/images/products/soederhamn-sofa-viarp-beige-brown__0802692_pe768543_s5.jpg,
IKEA BEKANT Desk White 63 inch,Table,IKEA,"Modern, Minimalist",White,349,Living Room,https://www.ikea.com/us/en/p/bekant-desk-white-s19022808/,https://www.ikea.com/us/en/images/products/bekant-desk-white__0736420_pe740535_s5.jpg,
IKEA ALEX Desk White 52 inch,Table,IKEA,"Modern, Minimalist",White,189,Living Room,https://www.ikea.com/us/en/p/alex-desk-white-80483438/,https://www.ikea.com/us/en/images/products/alex-desk-white__0977666_pe813729_s5.jpg,
IKEA ALEX Drawer Unit White,Storage,IKEA,"Modern, Minimalist",White,119,Living Room,https://www.ikea.com/us/en/p/alex-drawer-unit-white-00473546/,https://www.ikea.com/us/en/images/products/alex-drawer-unit-white__0977775_pe813763_s5.jpg,
IKEA HEMNES Glass Door Cabinet 3 Drawers White,Storage,IKEA,"Scandinavian, Minimalist",White,349,Living Room,https://www.ikea.com/us/en/p/hemnes-glass-door-cabinet-with-3-drawers-white-stain-50371772/,https://www.ikea.com/us/en/images/products/hemnes-glass-door-cabinet-with-3-drawers-white-stain__0625607_pe692388_s5.jpg,
IKEA NORDLI 4-Drawer Dresser White,Storage,IKEA,"Modern, Minimalist",White,149,Bedroom,https://www.ikea.com/us/en/p/nordli-4-drawer-dresser-white-50589078/,https://www.ikea.com/us/en/images/products/nordli-4-drawer-dresser-white__1293672_pe938441_s5.jpg,
IKEA KALLAX Shelf Unit 4x4 White,Storage,IKEA,"Modern, Minimalist",White,159,Living Room,https://www.ikea.com/us/en/p/kallax-shelf-unit-white-30275861/,https://www.ikea.com/us/en/images/products/kallax-shelf-unit-white__0644546_pe702768_s5.jpg,
IKEA TARVA Bed Frame Queen Pine Luröy,Bed,IKEA,"Scandinavian, Minimalist","Pine, Natural",179,Bedroom,https://www.ikea.com/us/en/p/tarva-bed-frame-pine-luroey-s29007794/,https://www.ikea.com/us/en/images/products/tarva-bed-frame-pine-luroey__0637611_pe698421_s5.jpg,
IKEA BRIMNES Bed Frame with Storage Headboard Queen White,Bed,IKEA,"Modern, Minimalist",White,379,Bedroom,https://www.ikea.com/us/en/p/brimnes-bed-frame-with-storage-headboard-white-luroey-s59129609/,https://www.ikea.com/us/en/images/products/brimnes-bed-frame-with-storage-headboard-white-luroey__1151032_pe884763_s5.jpg,
IKEA BRIMNES Bed Frame with Storage Queen White,Bed,IKEA,"Scandinavian, Minimalist",White,299,Bedroom,https://www.ikea.com/us/en/p/brimnes-bed-frame-with-storage-white-luroey-s09007554/,https://www.ikea.com/us/en/images/products/brimnes-bed-frame-with-storage-white-luroey__1151024_pe884762_s5.jpg,
IKEA TARVA Bed Frame Queen White Stained,Bed,IKEA,"Scandinavian, Modern",White,599,Bedroom,https://www.ikea.com/us/en/p/tarva-bed-frame-white-stained-luroey-s59553956/,https://www.ikea.com/us/en/images/products/tarva-bed-frame-white-stained-luroey__1273534_pe930090_s5.jpg,
IKEA BRIMNES Bed Frame with Storage Queen Black,Bed,IKEA,"Modern, Minimalist",Black,179,Bedroom,https://www.ikea.com/us/en/p/brimnes-bed-frame-with-storage-black-luroey-s69007551/,https://www.ikea.com/us/en/images/products/brimnes-bed-frame-with-storage-black-luroey__1151031_pe884735_s5.jpg,
IKEA TARVA Bed Frame Queen Pine,Bed,IKEA,"Modern, Minimalist",White,129,Bedroom,https://www.ikea.com/us/en/p/tarva-bed-frame-pine-s29930097/,https://www.ikea.com/us/en/images/products/tarva-bed-frame-pine__0637611_pe698421_s5.jpg,
IKEA IDANÄS Upholstered Bed Frame Queen Dark Gray,Bed,IKEA,"Modern, Scandinavian",Dark Gray,549,Bedroom,https://www.ikea.com/us/en/p/idanaes-upholstered-bed-frame-gunnared-dark-gray-60458958/,https://www.ikea.com/us/en/images/products/idanaes-upholstered-bed-frame-gunnared-dark-gray__0953726_pe802891_s5.jpg,
IKEA IDANÄS Upholstered Bed Frame Queen Beige,Bed,IKEA,"Modern, Minimalist",Beige,199,Bedroom,https://www.ikea.com/us/en/p/idanaes-upholstered-bed-frame-naggen-beige-00588081/,https://www.ikea.com/us/en/images/products/idanaes-upholstered-bed-frame-naggen-beige__1322829_pe942283_s5.jpg,
Wayfair Mercury Row Brumback 70 Velvet Sofa,Sofa,Wayfair,"Modern, Boho","Green, Velvet",549.99,Living Room,https://www.wayfair.com/furniture/pdp/mercury-row-brumback-697-velvet-square-arm-sofa-w003382053.html,https://assets.wfcdn.com/im/41000680/compr-r85/3991/399194562/Brumback+70%22+Velvet+Square+Arm+Sofa.jpg,
Wayfair Mercury Row Perdue 82 Velvet Convertible Sofa,Sofa,Wayfair,"Mid-Century, Modern",Beige,599.99,Living Room,https://www.wayfair.com/furniture/pdp/mercury-row-perdue-815-velvet-square-arm-convertible-sofa-w009315804.html,https://assets.wfcdn.com/im/40542831/compr-r85/1947/194742536/Perdue+81.5%22+Velvet+Square+Arm+Convertible+Sofa.jpg,
Wayfair Zipcode Design Evan Reclining Sofa,Sofa,Wayfair,"Modern, Minimalist",Gray,499.99,Living Room,https://www.wayfair.com/furniture/pdp/zipcode-design-evan-reclining-sofa-w003614466.html,https://assets.wfcdn.com/im/14846176/compr-r85/2280/228067856/Wrightstown+Tile.jpg,
Wayfair George Oliver Boaz Tufted Platform Bed Queen,Bed,Wayfair,"Modern, Boho",Gray,509.99,Bedroom,https://www.wayfair.com/furniture/pdp/george-oliver-boaz-tufted-low-profile-platform-bed-w004870122.html,https://assets.wfcdn.com/im/88363735/compr-r85/3794/379458537/Boaz+Upholstered+Platform+Bed.jpg,
Wayfair AllModern Curator Solid Wood Sled Coffee Table,Table,Wayfair,"Scandinavian, Modern","Oak, Natural",349.99,Living Room,https://www.wayfair.com/furniture/pdp/allmodern-curator-solid-wood-sled-coffee-table-w005944931.html,https://assets.wfcdn.com/im/46063920/resize-h630-w1200%5Ecompr-r85/3173/317352646/.jpg,
Wayfair Steelside Pomona 42 Rustic Industrial Coffee Table,Table,Wayfair,"Industrial, Modern","Rustic Brown, Black",219.99,Living Room,https://www.wayfair.com/furniture/pdp/steelside-pomona-42-rustic-industrial-solid-wood-and-metal-rectangular-coffee-table-with-storage-shelf-w004213194.html,https://assets.wfcdn.com/im/40242265/compr-r85/3682/368273596/Rundell+Pomona+Rustic+Industrial+Modern+Vintage+Metal+and+Solid+Wood+Coffee+Table+with+Storage%2C+Easy+Assembly%2C+Small+Rectangle+Coffee+Table%2C+42+in+x+24+in+x+18+in.jpg,
Wayfair George Oliver Beckley Mid Century Writing Desk,Table,Wayfair,"Mid-Century, Modern","Walnut, Black",179.99,Living Room,https://www.wayfair.com/furniture/pdp/george-oliver-beckley-mid-century-writing-desk-w005486454.html,https://assets.wfcdn.com/im/21894678/compr-r85/3595/359516746/Beckley+Writing+Desk.jpg,
Wayfair Lark Manor Earlville Extendable Dining Table,Table,Wayfair,"Scandinavian, Modern","Espresso, Brown",449.99,Dining Room,https://www.wayfair.com/furniture/pdp/lark-manor-earlville-extendable-dining-table-w005851731.html,https://assets.wfcdn.com/im/46063920/resize-h630-w1200%5Ecompr-r85/3173/317352646/.jpg,
Wayfair Mercury Row Zona 72 Etagere Bookcase,Storage,Wayfair,"Industrial, Modern","Rustic Brown, Black",189.99,Living Room,https://www.wayfair.com/furniture/pdp/mercury-row-zona-72-h-x-40-w-etagere-bookcase-w003431687.html,https://assets.wfcdn.com/im/00107098/compr-r85/7097/70971545/Zona+Etagere+Bookcase.jpg,
Wayfair Sand Stable Weymouth TV Stand 65,Storage,Wayfair,"Industrial, Modern",Distressed Brown,229.99,Living Room,https://www.wayfair.com/furniture/pdp/sand-stable-weymouth-tv-stand-for-tvs-up-to-65-w005887684.html,https://assets.wfcdn.com/im/87534070/compr-r85/2017/201789539/Weymouth+Unfinished+TV+Stand+for+TVs+up+to+65%22.jpg,
Wayfair Latitude Run Stana Upholstered Storage Bench,Bench,Wayfair,"Modern, Minimalist",Gray,199.99,Bedroom,https://www.wayfair.com/furniture/pdp/latitude-run-stana-upholstered-storage-ottoman-bench-with-large-hidden-storage-w112123809.html,https://assets.wfcdn.com/im/73804261/compr-r85/3887/388752419/Stana+Upholstered+Storage+Ottoman+Bench+with+Large+Hidden+Storage.jpg,
"Baysitone Modern Dining Chairs Set of 4, Grey",Chair,BAYSITONE,Modern,Grey,269,Dining Room,https://www.amazon.com/dp/B0B8RVKRZQ,https://m.media-amazon.com/images/I/81hZULtKkQL._AC_SY300_SX300_QL70_FMwebp_.jpg,
Dining Room Chairs Set of 4,Chair,Amazon,Mid-Century,"Beige, Red",294,Dining Room,https://www.amazon.com/dp/B0GFD65C7B,https://m.media-amazon.com/images/I/710NdBd0WNL._AC_SY300_SX300_QL70_FMwebp_.jpg,
"Dining Chairs Set of 4, Grey",Chair,Amazon,Modern,"Grey, Red",195,Dining Room,https://www.amazon.com/dp/B0B5M11R9H,https://m.media-amazon.com/images/I/61n7isrDJhL._AC_SY300_SX300_QL70_FMwebp_.jpg,
"Dining Chairs Set of 4, Black",Chair,Amazon,Modern,"Black, Red",122,Dining Room,https://www.amazon.com/dp/B0GFWGPQS3,https://m.media-amazon.com/images/I/71XoGIo-b0L._AC_SY300_SX300_QL70_FMwebp_.jpg,
"Modern Dining Chairs Set of 4, Brown",Chair,Amazon,Modern,"Brown, Red",196,Dining Room,https://www.amazon.com/dp/B0DWTDNPWL,https://m.media-amazon.com/images/I/61Q7uMYMAML._AC_SY300_SX300_QL70_FMwebp_.jpg,
VKNOW Wooden Dining Chairs Set of 4,Chair,Vknow,"Modern, Farmhouse","White, Red",299,Dining Room,https://www.amazon.com/dp/B0FQTKTTCZ,https://m.media-amazon.com/images/I/91ZZEqP-kHL._AC_SY300_SX300_QL70_FMwebp_.jpg,
"Modern Dining Chairs Set of 4, Green",Chair,Amazon,"Modern, Glam","Green, Red",539,Dining Room,https://www.amazon.com/dp/B0DXQ7G9L3,https://m.media-amazon.com/images/I/81UL-0YntGL._AC_SY300_SX300_QL70_FMwebp_.jpg,
Wooden Dining Chairs Set of 4,Chair,Amazon,Modern,"White, Red",207,Dining Room,https://www.amazon.com/dp/B0FN3MTV2W,https://m.media-amazon.com/images/I/71tzQ-KEQlL._AC_SY300_SX300_QL70_FMwebp_.jpg,
"COLAMY Upholstered Dining Chairs Set of 4, Beige",Chair,COLAMY,Modern,"Beige, Red",194,Dining Room,https://www.amazon.com/dp/B0DGT9X134,https://m.media-amazon.com/images/I/81tQniUSOHL._AC_SY300_SX300_QL70_FMwebp_.jpg,
DYHOME Black Boucle Dining Chairs Set of 4,Chair,DYHOME,Modern,"Black, Red",169,Dining Room,https://www.amazon.com/dp/B0CFXVWVPM,https://m.media-amazon.com/images/I/81yFLrp9F6L._AC_SY300_SX300_QL70_FMwebp_.jpg,
COLAMY Wooden Dining Chairs Set of 4,Chair,COLAMY,"Modern, Farmhouse","Beige, Red",319,Dining Room,https://www.amazon.com/dp/B0D8NWTG51,https://m.media-amazon.com/images/I/81ZikIE4FPL._AC_SY300_SX300_QL70_FMwebp_.jpg,
"COLAMY COLAMY Upholstered Dining Chairs Set of 4, Beige",Chair,COLAMY,"Modern, Mid-Century, Farmhouse","Beige, Red",269,Dining Room,https://www.amazon.com/dp/B0F3HNNNZB,https://m.media-amazon.com/images/I/81wdo-4TTYL._AC_SY300_SX300_QL70_FMwebp_.jpg,
Blue Upholstered Dining Chairs Set of 4,Chair,Amazon,"Modern, Mid-Century","Blue, Red",639,Dining Room,https://www.amazon.com/dp/B0GGZG9JMK,https://m.media-amazon.com/images/I/817HTD4Hx8L._AC_SY300_SX300_QL70_FMwebp_.jpg,
VKNOW Modern Dining Chairs Set of 4,Chair,Vknow,Modern,"Beige, Red",294,Dining Room,https://www.amazon.com/dp/B0G6K4PL7R,https://m.media-amazon.com/images/I/91XMCY9NSpL._AC_SY300_SX300_QL70_FMwebp_.jpg,
Dining Chair Set of 6 PU Leather Dining Room Chairs Upholstered Comfy Dining Chairs,Chair,Amazon,Modern,"Grey, Red",275,Dining Room,https://www.amazon.com/dp/B0FFZQF3J5,https://m.media-amazon.com/images/I/81VVkv7cusL._AC_SY300_SX300_QL70_FMwebp_.jpg,
CHUN YI Dining Chairs Set of 4,Chair,CHUN,"Modern, Mid-Century","Beige, Red",249,Dining Room,https://www.amazon.com/dp/B0FK2WNFKV,https://m.media-amazon.com/images/I/81zbyASPGEL._AC_SY300_SX300_QL70_FMwebp_.jpg,
UVV Dining Chairs Set of 4,Chair,UVV,Modern,"Beige, Red",269,Dining Room,https://www.amazon.com/dp/B0F9DJJ48D,https://m.media-amazon.com/images/I/71R8n6-L+lL._AC_SY300_SX300_QL70_FMwebp_.jpg,
Mid Century Modern Dining Chairs Set of 4 Upholstered Linen Fabric Dining,Chair,Amazon,"Modern, Mid-Century, Farmhouse","Beige, Red",372,Dining Room,https://www.amazon.com/dp/B0BS131FYV,https://m.media-amazon.com/images/I/81PUCFFTkzL._AC_SY300_SX300_QL70_FMwebp_.jpg,
"Modern Dining Chairs Set of 4, Black",Chair,Amazon,Modern,"Black, Red",180,Dining Room,https://www.amazon.com/dp/B0DJ72KJF6,https://m.media-amazon.com/images/I/81BnC13x3ZL._AC_SY300_SX300_QL70_FMwebp_.jpg,
DUMOS Dining Chairs Set of 4,Chair,DUMOS,"Modern, Mid-Century, Industrial","Black, Green",249,Dining Room,https://www.amazon.com/dp/B0GF7Z68KM,https://m.media-amazon.com/images/I/81KMqQQ0yEL._AC_SY300_SX300_QL70_FMwebp_.jpg,
Kitchen Dining Chairs Set of 4 Modern Upholstered Leather Farmhouse Dining Room,Chair,Amazon,"Modern, Farmhouse","Beige, Walnut",319,Dining Room,https://www.amazon.com/dp/B0FQ3VNGQN,https://m.media-amazon.com/images/I/81Ey+sbNfrL._AC_SY300_SX300_QL70_FMwebp_.jpg,
Nalupatio Modern Dining Chairs Set of 4,Chair,Nalupatio,Modern,"Black, Red",199,Dining Room,https://www.amazon.com/dp/B0CXSMJ9CN,https://m.media-amazon.com/images/I/81Vn20teiCL._AC_SY300_SX300_QL70_FMwebp_.jpg,
"Upholstered Dining Chairs Set of 4, Beige",Chair,Amazon,"Modern, Mid-Century","Beige, Red",179,Dining Room,https://www.amazon.com/dp/B0G29CDTNN,https://m.media-amazon.com/images/I/71-cDLjVYuL._AC_SY300_SX300_QL70_FMwebp_.jpg,
"COLAMY Mid Century Modern Dining Chairs Set of 4, Beige",Chair,COLAMY,"Modern, Mid-Century","Beige, Red",278,Dining Room,https://www.amazon.com/dp/B0F8HZB3R9,https://m.media-amazon.com/images/I/81WKquq4z8L._AC_SY300_SX300_QL70_FMwebp_.jpg,
"COLAMY Mid Century Modern Dining Chairs Set of 4, Brown",Chair,COLAMY,"Modern, Mid-Century, Farmhouse","Brown, Red",278,Dining Room,https://www.amazon.com/dp/B0DMSV9PBR,https://m.media-amazon.com/images/I/81PxSGr2VzL._AC_SY300_SX300_QL70_FMwebp_.jpg,
"Modern Dining Chairs Set of 4, Cream",Chair,Amazon,"Modern, Glam","Cream, Red",508,Dining Room,https://www.amazon.com/dp/B0GGGTDHT1,https://m.media-amazon.com/images/I/81MGMmQIzML._AC_SY300_SX300_QL70_FMwebp_.jpg,
"Modern Dining Chairs Set of 4, Red",Chair,Amazon,Modern,Red,189,Dining Room,https://www.amazon.com/dp/B0DJ74G5QK,https://m.media-amazon.com/images/I/81AHzJxxWFL._AC_SY300_SX300_QL70_FMwebp_.jpg,
COLAMY Upholstered Dining Chairs Set of 4 (B0GJRQ),Chair,COLAMY,Modern,"Beige, Red",233,Dining Room,https://www.amazon.com/dp/B0GJRQCYFX,https://m.media-amazon.com/images/I/81q6FlJ34tL._AC_SY300_SX300_QL70_FMwebp_.jpg,
Dining Chairs Set of 4 – Modern Upholstered Kitchen Chairs (Sillas de Comedor),Chair,Amazon,"Modern, Farmhouse","Green, Red",349,Dining Room,https://www.amazon.com/dp/B0GLYD1XR7,https://m.media-amazon.com/images/I/81NfhLmt1OL._AC_SY300_SX300_QL70_FMwebp_.jpg,
"COLAMY Dining Chairs Set of 4, Red",Chair,COLAMY,Modern,Red,318,Dining Room,https://www.amazon.com/dp/B0FH1WZXT1,https://m.media-amazon.com/images/I/81c8dBD6ScL._AC_SY300_SX300_QL70_FMwebp_.jpg,
Brown Dining Chairs Set of 4,Chair,Amazon,Modern,"Brown, Red",389,Dining Room,https://www.amazon.com/dp/B0FLCHVN5K,https://m.media-amazon.com/images/I/51fuB2DdF5L._AC_SY300_SX300_QL70_FMwebp_.jpg,
"Dining Chairs Set of 4, Beige",Chair,Amazon,Glam,"Beige, Red",169,Dining Room,https://www.amazon.com/dp/B0DKG1SX6V,https://m.media-amazon.com/images/I/717cG0qHajL._AC_SY300_SX300_QL70_FMwebp_.jpg,
"Baysitone Modern Dining Chairs Set of 4, White",Chair,BAYSITONE,"Modern, Glam","White, Red",199,Dining Room,https://www.amazon.com/dp/B0CSNRZ3WV,https://m.media-amazon.com/images/I/81Au+eRzVDL._AC_SY300_SX300_QL70_FMwebp_.jpg,
"Amazon Dining Chairs Set of 4, Grey",Chair,Amazon,Modern,"Grey, Red",204,Dining Room,https://www.amazon.com/dp/B0F268Z342,https://m.media-amazon.com/images/I/61-0SQbZqKL._AC_SY300_SX300_QL70_FMwebp_.jpg,
"Amazon Modern Dining Chairs Set of 4, Brown",Chair,Amazon,Modern,"Brown, Red",489,Dining Room,https://www.amazon.com/dp/B0GGRHMZJR,https://m.media-amazon.com/images/I/710PLf4CseL._AC_SY300_SX300_QL70_FMwebp_.jpg,
Kmax Fabric Dining Chairs Set of 4 Upholstered Side Chairs Farmhouse Accent,Chair,Kmax,Farmhouse,"Grey, Red",415,Dining Room,https://www.amazon.com/dp/B0BDFPMDFH,https://m.media-amazon.com/images/I/81GNfb2OoXL._AC_SY300_SX300_QL70_FMwebp_.jpg,
Mid Century Modern Dining Chairs Set of 4 Fabric Upholstered Living Room Side Chair,Chair,Amazon,"Modern, Mid-Century","White, Red",625,Dining Room,https://www.amazon.com/dp/B0D25W59YV,https://m.media-amazon.com/images/I/61Vm-mwQV0L._AC_SY300_SX300_QL70_FMwebp_.jpg,
DUOMAY Modern White Boucle Dining Chairs Set of 4,Chair,DUOMAY,Modern,"White, Red",367,Dining Room,https://www.amazon.com/dp/B0DCHZT8M4,https://m.media-amazon.com/images/I/71TH-QfAhGL._AC_SY300_SX300_QL70_FMwebp_.jpg,
CIMOTA Upholstered Dining Chairs Set of 4 Modern Kitchen & Dining Room Chairs,Chair,CIMOTA,"Modern, Glam","Green, Red",462,Dining Room,https://www.amazon.com/dp/B0CGJ8GBC2,https://m.media-amazon.com/images/I/71DQOnL0mAL._AC_SY300_SX300_QL70_FMwebp_.jpg,
KCC Velvet Dining Chairs Set of 4,Chair,KCC,"Modern, Glam","Beige, Red",159,Dining Room,https://www.amazon.com/dp/B09XQPQVG9,https://m.media-amazon.com/images/I/71d+4NFFTqL._AC_SY300_SX300_QL70_FMwebp_.jpg,
Art Leon Dining Room Chair - Mid Century Modern Fabric Upholstered Swivel,Chair,Art Leon,"Modern, Mid-Century","Red, Yellow",159,Dining Room,https://www.amazon.com/dp/B0D3QBR1NJ,https://m.media-amazon.com/images/I/9199v5aPL+L._AC_SY300_SX300_QL70_FMwebp_.jpg,
CIMOTA Modern Upholstered Dining Chairs Set of 4,Chair,CIMOTA,Modern,"White, Cream",409,Dining Room,https://www.amazon.com/dp/B0F8NKTH1V,https://m.media-amazon.com/images/I/71RcgB4z8vL._AC_SY300_SX300_QL70_FMwebp_.jpg,
AQG Rattan Dining Chairs,Chair,Amazon,"Modern, Mid-Century, Boho",Beige,199,Dining Room,https://www.amazon.com/dp/B0F24BZK9T,https://m.media-amazon.com/images/I/711F75CnQIL._AC_SY300_SX300_QL70_FMwebp_.jpg,
"keoni Wooden Dining Chairs Set of 4, Black",Chair,keoni,"Modern, Mid-Century, Farmhouse","Black, Beige",339,Dining Room,https://www.amazon.com/dp/B0FWK9FXH1,https://m.media-amazon.com/images/I/71YggHQFnSL._AC_SY300_SX300_QL70_FMwebp_.jpg,
Art Leon Swivel Dining Chairs Set of 2,Chair,Art Leon,"Modern, Mid-Century","Red, Yellow",159,Dining Room,https://www.amazon.com/dp/B0D1QQMQSW,https://m.media-amazon.com/images/I/81DJS7ILVWL._AC_SY300_SX300_QL70_FMwebp_.jpg,
Amazon's Choice: Overall Pick,Chair,Amazon,Modern,Gray,79,Dining Room,https://www.amazon.com/dp/B06VSJ87ZF,https://m.media-amazon.com/images/I/61mShWZmPwL._AC_SY300_SX300_QL70_FMwebp_.jpg,
OLIXIS Set of 4 Dining Kitchen Mid-Century Modern Chairs with Wood Legs and PU,Chair,OLIXIS,"Modern, Mid-Century",White,100,Dining Room,https://www.amazon.com/dp/B0CZKXXSJY,https://m.media-amazon.com/images/I/61iuxYhUsHL._AC_SY300_SX300_QL70_FMwebp_.jpg,
Giantex Dining Chairs Set of 4 Black,Chair,Giantex,"Modern, Mid-Century",Black,109,Dining Room,https://www.amazon.com/dp/B07SXJQJH2,https://m.media-amazon.com/images/I/61crRN150cL._AC_SY300_SX300_QL70_FMwebp_.jpg,
Giantex Dining Chairs Set of 4 White,Chair,Giantex,"Modern, Mid-Century",White,94,Dining Room,https://www.amazon.com/dp/B01GUVDCES,https://m.media-amazon.com/images/I/61EshnOgozL._AC_SY300_SX300_QL70_FMwebp_.jpg,
Set of 2 Dining Chairs with Rubber Wood Legs and 100% Polyester,Chair,Amazon,"Modern, Mid-Century","Walnut, Charcoal",167,Dining Room,https://www.amazon.com/dp/B0G6JJZDQR,https://m.media-amazon.com/images/I/91e+UUwWKGL._AC_SY300_SX300_QL70_FMwebp_.jpg,
CangLong Dining Chairs Set of 4,Chair,CangLong,"Modern, Mid-Century",White,94,Dining Room,https://www.amazon.com/dp/B082FHLT9B,https://m.media-amazon.com/images/I/51gl94UblML._AC_SX300_SY300_QL70_FMwebp_.jpg,
LSSBOUGHT Mid Century Modern Dining Chairs,Chair,LSSBOUGHT,"Modern, Mid-Century",White,63,Dining Room,https://www.amazon.com/dp/B08LHF7VLT,https://m.media-amazon.com/images/I/7136yTFs8hL._AC_SY300_SX300_QL70_FMwebp_.jpg,
Upholstered Dining Chairs Set of 6,Chair,Amazon,"Modern, Mid-Century, Farmhouse","Beige, Red",479,Dining Room,https://www.amazon.com/dp/B0DXT25VMQ,https://m.media-amazon.com/images/I/71XBjo2TK6L._AC_SY300_SX300_QL70_FMwebp_.jpg,
Christopher Knight Home Helen Mid-Century Modern Dining Chairs (Set of 4),Chair,Christopher Knight Home,"Modern, Mid-Century","Beige, Walnut",320,Dining Room,https://www.amazon.com/dp/B087J8VW35,https://m.media-amazon.com/images/I/71c7dzU2zmL._AC_SY300_SX300_QL70_FMwebp_.jpg,
HULALA HOME Dining Chairs with Arm Set of 2,Chair,HULALA HOME,"Modern, Mid-Century","Ivory, Red",279,Dining Room,https://www.amazon.com/dp/B0G1B8B98B,https://m.media-amazon.com/images/I/71jI4d9qgFL._AC_SY300_SX300_QL70_FMwebp_.jpg,
VESCASA Upholstered Dining Chairs with Rectangular Cushion Back,Chair,VESCASA,"Modern, Mid-Century","White, Red",337,Dining Room,https://www.amazon.com/dp/B0CXJCQHQ3,https://m.media-amazon.com/images/I/71IQTFl5lYL._AC_SX300_SY300_QL70_FMwebp_.jpg,
Tufted Dining Chairs Set of 2,Chair,Amazon,"Modern, Mid-Century, Glam","Brown, Red",245,Dining Room,https://www.amazon.com/dp/B0BW2QCZQC,https://m.media-amazon.com/images/I/71QUXEV8VFL._AC_SY300_SX300_QL70_FMwebp_.jpg,
COSTWAY Dinning Chair Set of 4,Chair,Amazon,"Modern, Mid-Century",White,94,Dining Room,https://www.amazon.com/dp/B06XNQQQS5,https://m.media-amazon.com/images/I/61qoowdEOML._AC_SY300_SX300_QL70_FMwebp_.jpg,
Best Choice Products Dining Chairs Set of 2,Chair,Amazon,"Modern, Mid-Century","Walnut, Navy",159,Dining Room,https://www.amazon.com/dp/B0GMS2KMT3,https://m.media-amazon.com/images/I/81Ihq2EG9SL._AC_SY300_SX300_QL70_FMwebp_.jpg,
Furniture of America Beck Mid-Century Modern Dining Chairs Set of 2,Chair,Amazon,"Modern, Mid-Century","Brown, Walnut",156,Dining Room,https://www.amazon.com/dp/B0DB78KTK6,https://m.media-amazon.com/images/I/71I6Ix8VgdL._AC_SY300_SX300_QL70_FMwebp_.jpg,
Christopher Knight Home Raina Mid-Century Modern Fabric Dining Chairs with Wood,Chair,Christopher Knight Home,"Modern, Mid-Century","Brown, Blue",142,Dining Room,https://www.amazon.com/dp/B07D8LQRKJ,https://m.media-amazon.com/images/I/A1wC5q4h9IL._AC_SY300_SX300_QL70_FMwebp_.jpg,
"keoni keoni Wooden Dining Chairs Set of 4, Black",Chair,keoni,"Modern, Mid-Century, Farmhouse","Black, Blue",349,Dining Room,https://www.amazon.com/dp/B0FWK9923D,https://m.media-amazon.com/images/I/81f67NCg9nL._AC_SY300_SX300_QL70_FMwebp_.jpg,
COLAMY Upholstered Dining Chairs Set of 2,Chair,COLAMY,"Modern, Mid-Century, Farmhouse","Beige, Red",134,Dining Room,https://www.amazon.com/dp/B0F3HCYMHM,https://m.media-amazon.com/images/I/71dOyHR+VTL._AC_SY300_SX300_QL70_FMwebp_.jpg,
"Upholstered Dining Chairs Set of 4, Green",Chair,Amazon,"Modern, Mid-Century","Green, Red",369,Dining Room,https://www.amazon.com/dp/B0GCZTMBY5,https://m.media-amazon.com/images/I/81QDG8UnN8L._AC_SX300_SY300_QL70_FMwebp_.jpg,
Armen Living Jaguar Mid-Century Dining Chair in Walnut Wood and Green Fabric,Chair,Amazon,Mid-Century,"Walnut, Green",97,Dining Room,https://www.amazon.com/dp/B01MQE0UFF,https://m.media-amazon.com/images/I/81cz5uHDRLL._AC_SY300_SX300_QL70_FMwebp_.jpg,
Best Choice Products 6-Piece Wooden Dining Set,Chair,Amazon,"Modern, Mid-Century","Walnut, Red",409,Dining Room,https://www.amazon.com/dp/B0DHWJC5XB,https://m.media-amazon.com/images/I/71tANwCuBUL._AC_SY300_SX300_QL70_FMwebp_.jpg,
Swivel Dining Chairs Set of 2,Chair,Amazon,"Modern, Mid-Century","Beige, Red",206,Dining Room,https://www.amazon.com/dp/B0DD7J81N4,https://m.media-amazon.com/images/I/61zYW4CYGFL._AC_SY300_SX300_QL70_FMwebp_.jpg,
Farmhouse Dining Chairs Set of 4,Chair,Amazon,"Modern, Mid-Century, Farmhouse","Black, Beige",237,Dining Room,https://www.amazon.com/dp/B0FLDHG8GL,https://m.media-amazon.com/images/I/71i5Hhe89gL._AC_SY300_SX300_QL70_FMwebp_.jpg,
"Upholstered Dining Chairs Set of 2, Beige",Chair,Amazon,"Modern, Mid-Century, Farmhouse","Beige, Red",159,Dining Room,https://www.amazon.com/dp/B0DXSZC12Z,https://m.media-amazon.com/images/I/71ChdLR2JAL._AC_SY300_SX300_QL70_FMwebp_.jpg,
"Dining Chairs Set of 2, Beige",Chair,Amazon,Modern,"Beige, Red",134,Dining Room,https://www.amazon.com/dp/B0FT7GZ6YX,https://m.media-amazon.com/images/I/81HG1-zJQjL._AC_SY300_SX300_QL70_FMwebp_.jpg,
Christopher Knight Home Abrielle Mid-Century Modern Dining Chairs with Rubberwood Frame,Chair,Christopher Knight Home,"Modern, Mid-Century","Beige, Walnut",136,Dining Room,https://www.amazon.com/dp/B07N1H1GZC,https://m.media-amazon.com/images/I/71Jk17WxPaL._AC_SY300_SX300_QL70_FMwebp_.jpg,
COSTWAY Fabric Armless Dining Chairs Set of 2,Chair,COSTWAY,"Modern, Mid-Century","Brown, Red",89,Dining Room,https://www.amazon.com/dp/B0FNQRMJXH,https://m.media-amazon.com/images/I/71V0N3I4PcL._AC_SY300_SX300_QL70_FMwebp_.jpg,
Mid-Century Modern Beige Dining Chairs Set of 8,Chair,Mid-Century,"Modern, Mid-Century","Black, Beige",1022,Dining Room,https://www.amazon.com/dp/B0F13CVNJK,https://m.media-amazon.com/images/I/61ZdnH-pLML._AC_SY300_SX300_QL70_FMwebp_.jpg,
HNY Mid Century Modern Dining Chairs Set of 4,Chair,HNY,"Modern, Mid-Century, Farmhouse","Brown, Red",356,Dining Room,https://www.amazon.com/dp/B0C627GPCR,https://m.media-amazon.com/images/I/81Ft3nuNpgL._AC_SY300_SX300_QL70_FMwebp_.jpg,
"Dining Chairs Set of 2, Black",Chair,Amazon,"Modern, Mid-Century","Black, Red",249,Dining Room,https://www.amazon.com/dp/B0GMZXWTL3,https://m.media-amazon.com/images/I/81RLirb99uL._AC_SY300_SX300_QL70_FMwebp_.jpg,
Mid-Century Modern Beige Dining Chairs Set of 6,Chair,Mid-Century,"Modern, Mid-Century","Black, Beige",749,Dining Room,https://www.amazon.com/dp/B0CBVGJ6L3,https://m.media-amazon.com/images/I/61RZBTepFqL._AC_SY300_SX300_QL70_FMwebp_.jpg,
Kidol & Shellder Swivel Dining Chairs,Chair,Kidol,"Modern, Mid-Century",Black,189,Dining Room,https://www.amazon.com/dp/B0GCMDM8NN,https://m.media-amazon.com/images/I/81xRdzXFl6L._AC_SY300_SX300_QL70_FMwebp_.jpg,
EALSON Farmhouse Dining Chairs Set of 2 Upholstered Dining Room Chairs with,Chair,EALSON,"Modern, Mid-Century, Farmhouse","Beige, Red",259,Dining Room,https://www.amazon.com/dp/B0BMFSY4X1,https://m.media-amazon.com/images/I/71gez6oRH8L._AC_SX300_SY300_QL70_FMwebp_.jpg,
Linen Dining Chairs Set of 6,Chair,Amazon,"Modern, Mid-Century","Beige, Red",533,Dining Room,https://www.amazon.com/dp/B0CYC8SS7K,https://m.media-amazon.com/images/I/61XcFnjylKL._AC_SY300_SX300_QL70_FMwebp_.jpg,
Soohow Dining Chairs Set of 2,Chair,Amazon,"Modern, Mid-Century",Gray,169,Dining Room,https://www.amazon.com/dp/B0CM6HP3WN,https://m.media-amazon.com/images/I/71PkwlImLnL._AC_SY300_SX300_QL70_FMwebp_.jpg,
"Velvet Dining Chairs Set of 2, Beige",Chair,Amazon,Glam,"Beige, Red",139,Dining Room,https://www.amazon.com/dp/B0CFJR2FMD,https://m.media-amazon.com/images/I/51P1oN7en9L._AC_SY300_SX300_QL70_FMwebp_.jpg,
Nrizc Velvet Dining Chairs Set of 4,Chair,Nrizc,"Modern, Boho, Glam","Red, Gold",199,Dining Room,https://www.amazon.com/dp/B0BPL92WR2,https://m.media-amazon.com/images/I/71SIlmG6uQL._AC_SY300_SX300_QL70_FMwebp_.jpg,
"Dining Chairs, Accent Chairs Set of 2",Chair,Amazon,"Modern, Glam","Red, Gold",259,Dining Room,https://www.amazon.com/dp/B0BF8QJXG8,https://m.media-amazon.com/images/I/71L8cjnO5uL._AC_SX300_SY300_QL70_FMwebp_.jpg,
Nrizc Velvet Dining Chairs Set of 2,Chair,Nrizc,"Modern, Boho, Glam","Red, Gold",89,Dining Room,https://www.amazon.com/dp/B0BJ2D29ML,https://m.media-amazon.com/images/I/61n1DFPQRiL._AC_SY300_SX300_QL70_FMwebp_.jpg,
Black Velvet Dining Chairs Set of 2,Chair,Amazon,Glam,"Black, Red",89,Dining Room,https://www.amazon.com/dp/B0BTW2V893,https://m.media-amazon.com/images/I/61o04FPm0jL._AC_SY300_SX300_QL70_FMwebp_.jpg,
"Velvet Dining Chairs Set of 2, Grey",Chair,Amazon,"Modern, Glam","Grey, Red",129,Dining Room,https://www.amazon.com/dp/B0F88GL9ZX,https://m.media-amazon.com/images/I/61+P8kF126L._AC_SY300_SX300_QL70_FMwebp_.jpg,
KCC Modern Velvet Dining Chairs Set of 2,Chair,KCC,"Modern, Mid-Century, Boho, Glam","Beige, Red",129,Dining Room,https://www.amazon.com/dp/B0BW8NH4QY,https://m.media-amazon.com/images/I/61t6Yh3iWEL._AC_SY300_SX300_QL70_FMwebp_.jpg,
Dining Chairs Set of 2 Modern Velvet Dining Room Chairs Upholstered Dining,Chair,Amazon,"Modern, Glam","Green, Red",89,Dining Room,https://www.amazon.com/dp/B0DX6H8M35,https://m.media-amazon.com/images/I/71iVX54BDsL._AC_SY300_SX300_QL70_FMwebp_.jpg,
Kiztir Velvet Dining Chair Set of 2,Chair,Amazon,"Modern, Glam","Beige, Red",89,Dining Room,https://www.amazon.com/dp/B09YR3LDYC,https://m.media-amazon.com/images/I/61DZfTOaR6L._AC_SY300_SX300_QL70_FMwebp_.jpg,
Olive-Green Velvet Dining Chairs Set of 2,Chair,Amazon,"Modern, Glam","Green, Red",235,Dining Room,https://www.amazon.com/dp/B0DXQDB4G2,https://m.media-amazon.com/images/I/71FIpAnXopL._AC_SY300_SX300_QL70_FMwebp_.jpg,
NIOIIKIT Modern Velvet Dining Chairs Hand Weaving Accent Chairs Living Room,Chair,Amazon,"Modern, Glam","Ivory, Red",79,Dining Room,https://www.amazon.com/dp/B0B4T6SG52,https://m.media-amazon.com/images/I/61R4kkzBYsL._AC_SY300_SX300_QL70_FMwebp_.jpg,
"Upholstered Dining Chairs Set of 2, Blue",Chair,Amazon,"Modern, Glam","Blue, Red",236,Dining Room,https://www.amazon.com/dp/B0C3H8GMK3,https://m.media-amazon.com/images/I/81kpxe6z+yL._AC_SY300_SX300_QL70_FMwebp_.jpg,
LOULENS Luxurious Velvet Dining Chairs,Chair,Amazon,"Modern, Glam","Beige, Red",129,Dining Room,https://www.amazon.com/dp/B0B5GQQ6P1,https://m.media-amazon.com/images/I/619RSticQrL._AC_SY300_SX300_QL70_FMwebp_.jpg,
Velvet Dining Chairs Set of 2 Gold Legs,Chair,Amazon,"Modern, Mid-Century, Glam","Green, Red",219,Dining Room,https://www.amazon.com/dp/B0DX6XBZD2,https://m.media-amazon.com/images/I/713wVBJaAJL._AC_SY300_SX300_QL70_FMwebp_.jpg,
KCC Velvet Dining Chairs Set of 2,Chair,KCC,"Modern, Glam","Beige, Red",79,Dining Room,https://www.amazon.com/dp/B09PMXZQ19,https://m.media-amazon.com/images/I/71KDfqjw5GL._AC_SY300_SX300_QL70_FMwebp_.jpg,
Virabit Blue Set of 2,Chair,Amazon,Glam,"Blue, Red",99,Dining Room,https://www.amazon.com/dp/B09WJ2DNPV,https://m.media-amazon.com/images/I/61LfwSnF2nL._AC_SY300_SX300_QL70_FMwebp_.jpg,
"VECELO Velvet Dining Chairs Set of 2, White",Chair,VECELO,"Modern, Glam","White, Red",136,Dining Room,https://www.amazon.com/dp/B0FBQZZVP6,https://m.media-amazon.com/images/I/61bv9blRm6L._AC_SY300_SX300_QL70_FMwebp_.jpg,
CangLong Dining Chairs Set of 2,Chair,CangLong,"Modern, Mid-Century, Glam","Beige, Red",171,Dining Room,https://www.amazon.com/dp/B0B77VW8CG,https://m.media-amazon.com/images/I/61wFF600tOL._AC_SY300_SX300_QL70_FMwebp_.jpg,
Amoa Contemporary Golden Metal Legs with Velvet Upholstered Dining Chairs Set of 2,Chair,Amazon,"Modern, Glam","Blue, Red",112,Dining Room,https://www.amazon.com/dp/B09TTS68X4,https://m.media-amazon.com/images/I/91FHuz2ATbL._AC_SY300_SX300_QL70_FMwebp_.jpg,
Velvet Dining Kitchen Chair Set of 2,Chair,Amazon,Glam,"Black, Red",139,Dining Room,https://www.amazon.com/dp/B0DJVQL6KF,https://m.media-amazon.com/images/I/71PRlcJc1hL._AC_SY300_SX300_QL70_FMwebp_.jpg,
COLAMY Wooden Dining Chairs Set of 2,Chair,COLAMY,"Modern, Farmhouse","Beige, Red",159,Dining Room,https://www.amazon.com/dp/B0D8PGQYFT,https://m.media-amazon.com/images/I/71n7EgsbhuL._AC_SY300_SX300_QL70_FMwebp_.jpg,
SoarFlash Velvet Dining Chairs Set of 2,Chair,Amazon,"Modern, Glam","Blue, Red",86,Dining Room,https://www.amazon.com/dp/B0DMJH4FN6,https://m.media-amazon.com/images/I/71o4qub7kKL._AC_SY300_SX300_QL70_FMwebp_.jpg,
Nrizc Woven Dining Chairs Set of 2,Chair,Amazon,"Modern, Boho, Glam","Grey, Red",109,Dining Room,https://www.amazon.com/dp/B0B5R78Y6Q,https://m.media-amazon.com/images/I/615bPhgOZBL._AC_SY300_SX300_QL70_FMwebp_.jpg,
Black Dining Chairs Set of 2 Velvet Upholstered Dining Room Chairs Wide Seat,Chair,Amazon,"Modern, Glam","Black, Red",109,Dining Room,https://www.amazon.com/dp/B0DRCXC3WV,https://m.media-amazon.com/images/I/71JhwlM1U+L._AC_SY300_SX300_QL70_FMwebp_.jpg,
Rattan Back Velvet Dining Chair Set of 2 Modern Stainless Chrome Base Armless,Chair,Amazon,"Modern, Boho, Glam","Green, Red",79,Dining Room,https://www.amazon.com/dp/B0DFPJZ3K7,https://m.media-amazon.com/images/I/71lMA+GqlvL._AC_SY300_SX300_QL70_FMwebp_.jpg,
Black Modern Barrel Dining Chairs Set of 2,Chair,Amazon,"Modern, Glam","Black, Red",296,Dining Room,https://www.amazon.com/dp/B0CNGFC748,https://m.media-amazon.com/images/I/81luUHIAVYL._AC_SY300_SX300_QL70_FMwebp_.jpg,
"VECELO Velvet Dining Chairs Set of 2, Pink",Chair,VECELO,"Modern, Glam","Pink, Red",136,Dining Room,https://www.amazon.com/dp/B0F3JM548T,https://m.media-amazon.com/images/I/61kGdDQFaYL._AC_SX300_SY300_QL70_FMwebp_.jpg,
Signature Design by Ashley Jazmore Contemporary Velvet Upholstered High Back,Chair,Signature Design by Ashley,"Modern, Glam","Brown, Red",196,Dining Room,https://www.amazon.com/dp/B0FCM9WG3X,https://m.media-amazon.com/images/I/61zPbSW1zEL._AC_SY300_SX300_QL70_FMwebp_.jpg,
HomePop Parsons Classic Upholstered Accent Dining Chair,Chair,Amazon,"Traditional, Glam","Green, Red",,Dining Room,https://www.amazon.com/dp/B0FY479772,https://m.media-amazon.com/images/I/71H6ybHmFLL._AC_SY300_SX300_QL70_FMwebp_.jpg,
Modern Barrel Dining Chair,Chair,Amazon,"Modern, Glam","Beige, Red",135,Dining Room,https://www.amazon.com/dp/B0CZLD9H93,https://m.media-amazon.com/images/I/71DYEHzJ8kL._AC_SY300_SX300_QL70_FMwebp_.jpg,
Dining Chairs Set of 6,Chair,Amazon,Modern,"White, Red",521,Dining Room,https://www.amazon.com/dp/B0CXSYM4VJ,https://m.media-amazon.com/images/I/81QCpXhdZzL._AC_SX300_SY300_QL70_FMwebp_.jpg,
"Dining Chairs Set of 2, White",Chair,Amazon,"Modern, Mid-Century","White, Walnut",149,Dining Room,https://www.amazon.com/dp/B0DVH61CT9,https://m.media-amazon.com/images/I/71DbeUWovVL._AC_SY300_SX300_QL70_FMwebp_.jpg,
"Upholstered Dining Chairs Set of 4, Blue",Chair,Amazon,"Modern, Glam","Blue, Red",472,Dining Room,https://www.amazon.com/dp/B0C3H6M4Q7,https://m.media-amazon.com/images/I/81g6mcjvZfL._AC_SY300_SX300_QL70_FMwebp_.jpg,
KCC Modern Velvet Dining Chairs Set of 6,Chair,KCC,"Modern, Mid-Century, Boho, Glam","Beige, Red",379,Dining Room,https://www.amazon.com/dp/B0BW8NLPWW,https://m.media-amazon.com/images/I/51wn-XmsGNL._AC_SY300_SX300_QL70_FMwebp_.jpg,
Upholstered Accent Arm Chairs Set of 4,Chair,Amazon,"Modern, Mid-Century","White, Red",356,Dining Room,https://www.amazon.com/dp/B0BJ6B45K6,https://m.media-amazon.com/images/I/91Pyg7dy3bL._AC_SY300_SX300_QL70_FMwebp_.jpg,
"Amazon Dining Chairs Set of 2, Beige",Chair,Amazon,"Modern, Glam","Beige, Red",199,Dining Room,https://www.amazon.com/dp/B0D959S1NQ,https://m.media-amazon.com/images/I/51tiFYok+YL._AC_SY300_SX300_QL70_FMwebp_.jpg,
Cream Velvet Dining Chairs Gold Legs,Chair,Amazon,"Modern, Glam","Cream, Red",475,Dining Room,https://www.amazon.com/dp/B0FHB48R9C,https://m.media-amazon.com/images/I/81eGv-7VVnL._AC_SY300_SX300_QL70_FMwebp_.jpg,
Beige Dining Chairs Set of 2 Mid-Century Modern Dining Chairs,Chair,Amazon,"Modern, Mid-Century","Beige, Red",239,Dining Room,https://www.amazon.com/dp/B0CWTX64PD,https://m.media-amazon.com/images/I/819j45GSjKL._AC_SX300_SY300_QL70_FMwebp_.jpg,
Modern Dining Chairs Set of 6,Chair,Amazon,Modern,"Beige, Red",569,Dining Room,https://www.amazon.com/dp/B0D62G2DB4,https://m.media-amazon.com/images/I/61m1mCdOnzL._AC_SY300_SX300_QL70_FMwebp_.jpg,
Counter Height Bar Stools Set of 2,Chair,Amazon,Modern,Black,94,Dining Room,https://www.amazon.com/dp/B0CRL3LKL7,https://m.media-amazon.com/images/I/71zFCac+XTL._AC_SY300_SX300_QL70_FMwebp_.jpg,
LOKKHAN Vintage Industrial Bar Stool-Rustic Swivel Barstools-Round Wood Metal,Chair,Amazon,"Industrial, Farmhouse",Rust,129,Dining Room,https://www.amazon.com/dp/B07MZ1V71F,https://m.media-amazon.com/images/I/61zLXg6DMML._AC_SX300_SY300_QL70_FMwebp_.jpg,
"Bar Stools Set of 4, PU Leather Counter Height Bar Stools",Chair,Amazon,Modern,Brown,209,Dining Room,https://www.amazon.com/dp/B0CFHD8FS9,https://m.media-amazon.com/images/I/81BOLKHZncL._AC_SY300_SX300_QL70_FMwebp_.jpg,
LOKKHAN Set of 2 Rustic Industrial Bar Stool-24-30 Tall Adjustable Metal Swivel,Chair,LOKKHAN,"Industrial, Farmhouse",Rust,185,Dining Room,https://www.amazon.com/dp/B0CL3W7G7C,https://m.media-amazon.com/images/I/71TtwFUrt4L._AC_UL320_.jpg,
SONGMICS Home Bar Stools,Chair,SONGMICS,Modern,Brown,104,Dining Room,https://www.amazon.com/dp/B0DHX3RG4T,https://m.media-amazon.com/images/I/71Iiusg-IQL._AC_SY300_SX300_QL70_FMwebp_.jpg,
"HOOBRO Bar Stools, Set of 2 Bar Chairs, Black",Chair,Amazon,"Industrial, Farmhouse","Black, Brown",53,Dining Room,https://www.amazon.com/dp/B0B9H8FDV1,https://m.media-amazon.com/images/I/61Au4A3seFL._AC_SY300_SX300_QL70_FMwebp_.jpg,
"Set of 2-Industrial Bar Stool-Counter Height Chairs- Swivel Wooden Seat-, Gray",Chair,Amazon,Industrial,Gray,109,Dining Room,https://www.amazon.com/dp/B07YWML46P,https://m.media-amazon.com/images/I/61VUZ6RbNkL._AC_UL320_.jpg,
Set of 2-Industrial Bar Stool-Rustic Counter Height Chairs for Kitchen,Chair,Amazon,"Industrial, Farmhouse",Rust,115,Dining Room,https://www.amazon.com/dp/B07YWND5W3,https://m.media-amazon.com/images/I/718AmSGNTHL._AC_SY300_SX300_QL70_FMwebp_.jpg,
"Amazon Set of 2-Industrial Bar Stool-Counter Height Chairs- Swivel Wooden Seat-, Gray",Chair,Amazon,Industrial,Gray,119,Dining Room,https://www.amazon.com/dp/B09SP7W9TX,https://m.media-amazon.com/images/I/71h3ShTmLLL._AC_UL320_.jpg,
Industrial Counter Stools Set of 2,Chair,Amazon,"Industrial, Farmhouse","Black, Brown",139,Dining Room,https://www.amazon.com/dp/B0GF1RT9D7,https://m.media-amazon.com/images/I/81MRWywRPjL._AC_UL320_.jpg,
Rfiver Pu Faux Leather Bar Stools Set of 2,Chair,Rfiver,"Modern, Industrial",Brown,99,Dining Room,https://www.amazon.com/dp/B09K42TG1S,https://m.media-amazon.com/images/I/610ll0t+f4L._AC_UL320_.jpg,
Watson & Whitely Swivel Bar Stools with Detachable Back,Chair,Watson,Farmhouse,"White, Brown",279,Dining Room,https://www.amazon.com/dp/B0C6DVXMJG,https://m.media-amazon.com/images/I/7145b-ITRkL._AC_SY300_SX300_QL70_FMwebp_.jpg,
Nalupatio Modern Swivel Bar Stools Set of 2,Chair,Nalupatio,Modern,"Black, Red",129,Dining Room,https://www.amazon.com/dp/B0CQ2DP3GK,https://m.media-amazon.com/images/I/81q6Fi6AfmL._AC_UL320_.jpg,
VASAGLE Set of 2 Bar Stools,Chair,VASAGLE,"Industrial, Farmhouse","Black, Brown",79,Dining Room,https://www.amazon.com/dp/B09MQC5R99,https://m.media-amazon.com/images/I/811tE3c9dhL._AC_SY300_SX300_QL70_FMwebp_.jpg,
"VASAGLE Bar Stools Set of 2, Brown",Chair,VASAGLE,"Industrial, Farmhouse","Brown, Rust",58,Dining Room,https://www.amazon.com/dp/B0BQB75YXF,https://m.media-amazon.com/images/I/71+l7+pgFJL._AC_SY300_SX300_QL70_FMwebp_.jpg,
"HOOBRO Bar Stools, Barstools Set of 2",Chair,Amazon,"Industrial, Farmhouse","Black, Brown",42,Dining Room,https://www.amazon.com/dp/B0BKKPH27H,https://m.media-amazon.com/images/I/71mR2QVAY1L._AC_UL320_.jpg,
Signature Design by Ashley Valebeck Casual Rustic Counter Height Bar Stool with,Chair,Signature Design by Ashley,Farmhouse,"Black, Brown",207,Dining Room,https://www.amazon.com/dp/B0CSZCHN12,https://m.media-amazon.com/images/I/61TMpUfEAFL._AC_SY300_SX300_QL70_FMwebp_.jpg,
Industrial Counter Height Bar Stools Set of 2,Chair,Amazon,Industrial,"White, Red",229,Dining Room,https://www.amazon.com/dp/B0FKB8P3GS,https://m.media-amazon.com/images/I/71KB4FglSIL._AC_UL320_.jpg,
VECELO Bar Stools Set of 2,Chair,VECELO,Industrial,Brown,119,Dining Room,https://www.amazon.com/dp/B0CRNWFLVL,https://m.media-amazon.com/images/I/81vfCgfb5IL._AC_SY300_SX300_QL70_FMwebp_.jpg,
"Bar Stools set of 2, Tall Bar Stools with Backrest and Footrest",Chair,Amazon,"Industrial, Farmhouse","Brown, Rust",53,Dining Room,https://www.amazon.com/dp/B0FP12S8JH,https://m.media-amazon.com/images/I/919WYhbBFZL._AC_SY300_SX300_QL70_FMwebp_.jpg,
"Bar Stools Set of 2, Tall Bar Stools with Backrest and Footrest",Chair,Amazon,Industrial,Black,53,Dining Room,https://www.amazon.com/dp/B0FNZZBD4G,https://m.media-amazon.com/images/I/91DCE3fbBJL._AC_UL320_.jpg,
Alaterre Furniture Durango 26-Inch Industrial Wood Counter-Height Stools – Set,Chair,Alaterre,"Industrial, Farmhouse",Rust,141,Dining Room,https://www.amazon.com/dp/B0F68KFJ77,https://m.media-amazon.com/images/I/81XssNn5JkL._AC_UL320_.jpg,
"HOOBRO B HOOBRO Bar Stools, Set of 2 Bar Chairs, Black",Chair,Amazon,Modern,Black,49,Dining Room,https://www.amazon.com/dp/B0BTBV6233,https://m.media-amazon.com/images/I/61+i5IRAFNL._AC_UL320_.jpg,
Diwhy Industrial Vintage Bar Stool,Chair,Diwhy,Industrial,"Brown, Red",179,Dining Room,https://www.amazon.com/dp/B085DJ98FZ,https://m.media-amazon.com/images/I/61lXdsltQ9L._AC_SY300_SX300_QL70_FMwebp_.jpg,
"VASAGLE Bar Stools Set of 2, Black",Chair,VASAGLE,Industrial,Black,56,Dining Room,https://www.amazon.com/dp/B0CB2X7RLD,https://m.media-amazon.com/images/I/71wZv5p-MIL._AC_UL320_.jpg,
Industrial Bar Stool-Set of 2-Swivel Counter Coffee Chair-Extra Pub Height,Chair,Amazon,Industrial,Gray,159,Dining Room,https://www.amazon.com/dp/B07S8TFW7J,https://m.media-amazon.com/images/I/61gx0GtnEiL._AC_UL320_.jpg,
WENTMENT Metal Bar Stools Set of 2 Counter Height Barstools with Removable Back,Chair,WENTMENT,Modern,Black,89,Dining Room,https://www.amazon.com/dp/B0FGPKMPHF,https://m.media-amazon.com/images/I/81LGP8YKHGL._AC_UL320_.jpg,
Diwhy Industrial Farmhouse Counter Stool Wooden Seat Height Adjustable with,Chair,Diwhy,"Industrial, Farmhouse",Black,179,Dining Room,https://www.amazon.com/dp/B0D5CLJJJ6,https://m.media-amazon.com/images/I/61EmYTdQc0L._AC_SY300_SX300_QL70_FMwebp_.jpg,
LSSPAID Bar Stools Set of 4,Chair,Amazon,Modern,White,135,Dining Room,https://www.amazon.com/dp/B0CJF6GLY9,https://m.media-amazon.com/images/I/81GN1HHGf8L._AC_UL320_.jpg,
EALSON Leather Bar Stools Set of 2 Swivel Counter Height Barstools with Back,Chair,EALSON,"Modern, Glam","Beige, Red",255,Dining Room,https://www.amazon.com/dp/B0BC8NPBXZ,https://m.media-amazon.com/images/I/71gAL7-Q4xL._AC_UL320_.jpg,
Grey Counter Stools with Gold Legs 26 Inch Velvet Counter Height Bar Stools Set,Chair,Amazon,"Modern, Glam","Grey, Red",209,Dining Room,https://www.amazon.com/dp/B0CJX6XNT2,https://m.media-amazon.com/images/I/710XkKoKSbL._AC_UL320_.jpg,
"63"" Dining Table Set for 6",Table,Amazon,Mid-Century,Gray,479,Dining Room,https://www.amazon.com/dp/B0FWRQ14TM,https://m.media-amazon.com/images/I/81yVPXRVqlL._AC_UL320_.jpg,
9 Piece Dining Table Set,Table,Amazon,Modern,Gray,669,Dining Room,https://www.amazon.com/dp/B0CM6GXDK8,https://m.media-amazon.com/images/I/71yC3DkCfkL._AC_UL320_.jpg,
7-Piece Dining Table Set for 6 People,Table,Amazon,Modern,"White, Grey",509,Dining Room,https://www.amazon.com/dp/B0FNM11VDF,https://m.media-amazon.com/images/I/91oW08DuzTL._AC_UL320_.jpg,
"chairus 55""-71"" Extendable Dining Table for 6-8 People Farmhouse Rectangular",Table,chairus,Farmhouse,Walnut,519,Dining Room,https://www.amazon.com/dp/B0FB94HLCZ,https://m.media-amazon.com/images/I/91bOjbG7GkL._AC_SX300_SY300_QL70_FMwebp_.jpg,
Tribesigns 62” Wood Dining Table for 4-6 People,Table,Tribesigns,"Modern, Farmhouse, Traditional",Gray,203,Dining Room,https://www.amazon.com/dp/B0CT3B6ZV5,https://m.media-amazon.com/images/I/81nRaXOAcwL._AC_UL320_.jpg,
HNY Extendable Wood Dining Table for 4-8,Table,Amazon,"Modern, Farmhouse",Black,459,Dining Room,https://www.amazon.com/dp/B0GJDZGQWP,https://m.media-amazon.com/images/I/81ZV8ncoLJL._AC_UL320_.jpg,
"chairus Extendable Dining Table 59""-94.5"" Dining Room Table for 4-10 People",Table,Amazon,Modern,Natural,449,Dining Room,https://www.amazon.com/dp/B0GFVP6KY9,https://m.media-amazon.com/images/I/81r5McvQ-lL._AC_UL320_.jpg,
59-86IN Extendable Dining Table for 6 8 10 People,Table,Amazon,Farmhouse,Brown,236,Dining Room,https://www.amazon.com/dp/B0FSDLFBGJ,https://m.media-amazon.com/images/I/91vR0PfFsuL._AC_UL320_.jpg,
"Furniture Dash - Wood Dining Table - Kitchen Table - Corona Wood Dining Table - 29.53"" W",Table,Amazon,Modern,Gray,135,Dining Room,https://www.amazon.com/dp/B08X6R59QC,https://m.media-amazon.com/images/I/615NiUwounL._AC_UL320_.jpg,
"2 Drawer File Cabinet, Black",Storage,Amazon,Modern,"Black, Red",129,Office,https://www.amazon.com/dp/B0DLV294XH,https://m.media-amazon.com/images/I/61zwpNoMKTL._AC_SY300_SX300_QL70_FMwebp_.jpg,
Greenvelly 2 Drawer File Cabinet,Storage,Greenvelly,Industrial,"Black, Green",99,Office,https://www.amazon.com/dp/B0FL77Y3W5,https://m.media-amazon.com/images/I/617+TnlBxKL._AC_SY300_SX300_QL70_FMwebp_.jpg,
3 Drawer File Cabinet with Lock,Storage,Amazon,Modern,"White, Red",161,Office,https://www.amazon.com/dp/B0G2411VLK,https://m.media-amazon.com/images/I/61C3uETv3ML._AC_UL320_.jpg,
Pataku Lateral File Cabinet,Storage,Amazon,Modern,Black,89,Office,https://www.amazon.com/dp/B0G4P8GQV6,https://m.media-amazon.com/images/I/61NG53bBtJL._AC_SX300_SY300_QL70_FMwebp_.jpg,
Incbruce 2 Drawer Lateral File Cabinet with Lock,Storage,Incbruce,Modern,White,99,Office,https://www.amazon.com/dp/B0GLP9KC97,https://m.media-amazon.com/images/I/61SSbhbALgL._AC_SY300_SX300_QL70_FMwebp_.jpg,
JXQTLINGMU 2 Drawer Farmhouse File Cabinet,Storage,JXQTLINGMU,Farmhouse,Brown,189,Office,https://www.amazon.com/dp/B0C9D3WS2Q,https://m.media-amazon.com/images/I/81T+7CaXEKL._AC_UL320_.jpg,
"2 Drawer File Cabinet, White",Storage,Amazon,Modern,White,125,Office,https://www.amazon.com/dp/B0CDPZ89LN,https://m.media-amazon.com/images/I/61uB4wAjhNL._AC_UL320_.jpg,
HOPUBUY 2 Drawer File Cabinet with Lock,Storage,HOPUBUY,Boho,Oak,119,Office,https://www.amazon.com/dp/B0DB5L8GWS,https://m.media-amazon.com/images/I/71wWmN7YoRL._AC_UL320_.jpg,
Lateral File Cabinets with Lock,Storage,Amazon,Modern,"Black, Red",109,Office,https://www.amazon.com/dp/B0CRRH7NXB,https://m.media-amazon.com/images/I/61AyXz3s7HL._AC_UL320_.jpg,
"Floating Shelves for Wall, Brown",Storage,Amazon,Modern,Brown,197,Office,https://www.amazon.com/dp/B0DYT7QFJW,https://m.media-amazon.com/images/I/71iCQutQKmL._AC_UL320_.jpg,
Sorbus Floating Wall Shelf Set of 3 - Bathroom Shelves for Wall Storage,Storage,Sorbus,Farmhouse,Gray,33,Office,https://www.amazon.com/dp/B0D821X6R2,https://m.media-amazon.com/images/I/61weZHnxFSL._AC_SY300_SX300_QL70_FMwebp_.jpg,
Urbandi Modern Floating Shelves 3 Inches Thick for Wall,Storage,Urbandi,"Modern, Farmhouse","Oak, Natural",176,Office,https://www.amazon.com/dp/B0CZNCLGJK,https://m.media-amazon.com/images/I/71g8-areoUL._AC_SX300_SY300_QL70_FMwebp_.jpg,
BAYKA Floating Shelves for Wall,Storage,BAYKA,Farmhouse,"Black, Rust",20,Office,https://www.amazon.com/dp/B0BQHV84H6,https://m.media-amazon.com/images/I/71Q15X0GmTL._AC_SY300_SX300_QL70_FMwebp_.jpg,
AMADA HOMEFURNISHING Floating Shelves,Storage,AMADA HOMEFURNISHING,Modern,White,21,Office,https://www.amazon.com/dp/B088ZYNX1J,https://m.media-amazon.com/images/I/617Jcb+JQsL._AC_SY300_SX300_QL70_FMwebp_.jpg,
QEEIG Floating Shelves for Wall Bathroom Shelf Bedroom Kitchen Living Room,Storage,QEEIG,Farmhouse,"Brown, Rust",23,Office,https://www.amazon.com/dp/B09T66W5D1,https://m.media-amazon.com/images/I/71laiNume-L._AC_SY300_SX300_QL70_FMwebp_.jpg,
RICHER HOUSE 3 Set White Floating Shelves,Storage,RICHER HOUSE,Modern,White,27,Office,https://www.amazon.com/dp/B0CXSGKMCV,https://m.media-amazon.com/images/I/71QSJqnD5BL._AC_SY300_SX300_QL70_FMwebp_.jpg,
fuqing Natural Wood Floating Shelves - Wood Floating Shelves for Wall Set of,Storage,Amazon,Modern,Natural,25,Office,https://www.amazon.com/dp/B0CZD8KX6R,https://m.media-amazon.com/images/I/81MYnpgbDgL._AC_SY300_SX300_QL70_FMwebp_.jpg,
"Amazon Floating Shelves for Wall, Brown",Storage,Amazon,Farmhouse,"Brown, Rust",56,Office,https://www.amazon.com/dp/B0DW8KPDBL,https://m.media-amazon.com/images/I/71iM5n+jvUL._AC_UL320_.jpg,
Forbena 36 Inch Floating Shelves for Wall Long Set of 3,Storage,Forbena,Farmhouse,"Brown, Rust",44,Office,https://www.amazon.com/dp/B0DY7JVJKL,https://m.media-amazon.com/images/I/81pFY41QnXL._AC_SY300_SX300_QL70_FMwebp_.jpg,
HOOBRO Floating Shelves,Storage,HOOBRO,Farmhouse,"Brown, Rust",35,Office,https://www.amazon.com/dp/B09KLJ933P,https://m.media-amazon.com/images/I/71S5jcIKvkL._AC_SY300_SX300_QL70_FMwebp_.jpg,
NATURE'S SOURCE Corner Floating Shelves with Invisible Brackets,Storage,Amazon,Modern,Black,38,Office,https://www.amazon.com/dp/B0BVFXL9TC,https://m.media-amazon.com/images/I/61A+E6IoO-L._AC_SY300_SX300_QL70_FMwebp_.jpg,
Forbena Black Floating Shelves for Wall,Storage,Forbena,Farmhouse,"Black, Rust",25,Office,https://www.amazon.com/dp/B0DHCCGBNW,https://m.media-amazon.com/images/I/716uTwGHl6L._AC_SY300_SX300_QL70_FMwebp_.jpg,
"Floating Shelves Set of 3, Black",Storage,Amazon,Farmhouse,Black,19,Office,https://www.amazon.com/dp/B0CRQY97W4,https://m.media-amazon.com/images/I/71gHH3qqx7L._AC_SY300_SX300_QL70_FMwebp_.jpg,
AMADA HOMEFURNISHING Floating Shelves Black,Storage,AMADA HOMEFURNISHING,Modern,Black,23,Office,https://www.amazon.com/dp/B088ZW8427,https://m.media-amazon.com/images/I/71eNszNXsVL._AC_SY300_SX300_QL70_FMwebp_.jpg,
Marsmiles Wood Floating Shelves for Wall Set of 3,Storage,Marsmiles,Farmhouse,"Black, Rust",27,Office,https://www.amazon.com/dp/B09Y8SBYZB,https://m.media-amazon.com/images/I/71RZrTPnZqL._AC_SY300_SX300_QL70_FMwebp_.jpg,
"Floating Shelves, 3 Sets Wall Wooden Shelves for Décor",Storage,Amazon,Modern,White,21,Office,https://www.amazon.com/dp/B0CD2123GR,https://m.media-amazon.com/images/I/51Q47eE73-L._AC_SY300_SX300_QL70_FMwebp_.jpg,
Forbena White Floating Shelves for Wall Decor,Storage,Forbena,Modern,White,38,Office,https://www.amazon.com/dp/B0BG1HSV6X,https://m.media-amazon.com/images/I/71rglzW-+RL._AC_SY300_SX300_QL70_FMwebp_.jpg,
"Sorbus Floating Shelves for Wall - 24"" Bathroom Shelves, Gray",Storage,Sorbus,Modern,Gray,54,Office,https://www.amazon.com/dp/B0CRSMCDXV,https://m.media-amazon.com/images/I/81-X28jzHnL._AC_SY300_SX300_QL70_FMwebp_.jpg,
"Amazon Floating Shelves Set of 3, Black",Storage,Amazon,Farmhouse,Black,22,Office,https://www.amazon.com/dp/B0DT159HJ1,https://m.media-amazon.com/images/I/71eDCKbyyzL._AC_SY300_SX300_QL70_FMwebp_.jpg,
Ballucci Modern Floating Wall Shelves,Storage,Ballucci,Modern,Black,26,Office,https://www.amazon.com/dp/B077RPL6HV,https://m.media-amazon.com/images/I/71-sxZ507vL._AC_SY300_SX300_QL70_FMwebp_.jpg,
Colima Floating Shelves for Grey Wood Shelf for Bedroom,Storage,Colima,Modern,Grey,58,Office,https://www.amazon.com/dp/B0DRBKT6BJ,https://m.media-amazon.com/images/I/71HYT0inMmL._AC_SY300_SX300_QL70_FMwebp_.jpg,
SONGMICS Floating Shelves,Storage,SONGMICS,Modern,White,29,Office,https://www.amazon.com/dp/B07B7CV19Z,https://m.media-amazon.com/images/I/71Xc5W6ySBL._AC_SY300_SX300_QL70_FMwebp_.jpg,
SRIWATANA Floating Shelves Wall Mounted,Storage,SRIWATANA,Modern,Brown,19,Office,https://www.amazon.com/dp/B095WNF1ND,https://m.media-amazon.com/images/I/71ItArBXMLL._AC_SY300_SX300_QL70_FMwebp_.jpg,
Ballucci Modern Ledge Wall Shelves,Storage,Ballucci,Modern,White,31,Office,https://www.amazon.com/dp/B06Y6M5YQS,https://m.media-amazon.com/images/I/61kMhm14f9L._AC_UL320_.jpg,
Nursery Floating Shelves for Wall,Storage,Amazon,Modern,Natural,39,Office,https://www.amazon.com/dp/B0C1RXZPQK,https://m.media-amazon.com/images/I/81vs8rwMILL._AC_SY300_SX300_QL70_FMwebp_.jpg,
Command Display Ledges,Storage,Amazon,Modern,Gray,11,Office,https://www.amazon.com/dp/B071CKQ4FB,https://m.media-amazon.com/images/I/71Kkv1edzkL._AC_SY300_SX300_QL70_FMwebp_.jpg,
Sorbus Floating Shelves for Wall – 16 Inch Floating Shelf for Kitchen,Storage,Sorbus,Modern,White,32,Office,https://www.amazon.com/dp/B09P46SSZT,https://m.media-amazon.com/images/I/61+M5Jc09ZL._AC_UL320_.jpg,
"Americanflat 14"" Floating Shelves for Wall - Set of 3 - Made of Engineered Wood",Storage,Americanflat,Modern,"White, Red",40,Office,https://www.amazon.com/dp/B01H2BQJJU,https://m.media-amazon.com/images/I/51KI+CyD9oL._AC_UL320_.jpg,
24x8x1.6 inch Floating Shelves Set of 2 – Solid Wood Rustic Oak Wall Mounted,Storage,Amazon,Farmhouse,"Oak, Rust",67,Office,https://www.amazon.com/dp/B0DP9JLVGW,https://m.media-amazon.com/images/I/71achG39qcL._AC_UL320_.jpg,
"fuqing 30 Inch Floating Shelves | Natural Wood Floating Shelves Set of 2 | 30""",Storage,fuqing,Modern,Natural,73,Office,https://www.amazon.com/dp/B0DTTG76X9,https://m.media-amazon.com/images/I/816Rpe1l+OL._AC_SY300_SX300_QL70_FMwebp_.jpg,
"Sorbus Sorbus Floating Shelves for Wall - 24"" Bathroom Shelves, Gray",Storage,Sorbus,Modern,Gray,69,Office,https://www.amazon.com/dp/B0D362XV9T,https://m.media-amazon.com/images/I/81L-mYqw47L._AC_UL320_.jpg,
White Floating Shelves 48Inch Long,Storage,Amazon,Farmhouse,"White, Rust",107,Office,https://www.amazon.com/dp/B0G34CN41S,https://m.media-amazon.com/images/I/71Dv-vcOd+L._AC_UL320_.jpg,
"Floating Shelves for Wall, Black",Storage,Amazon,Farmhouse,"Black, Rust",34,Office,https://www.amazon.com/dp/B0DHRYF4PQ,https://m.media-amazon.com/images/I/718IE0GO4hL._AC_UL320_.jpg,
Fun Memories Picture Ledge Shelves Set of 2,Storage,Amazon,Farmhouse,"Black, Rust",29,Office,https://www.amazon.com/dp/B0DDY3VSY2,https://m.media-amazon.com/images/I/71m77pIZAVL._AC_SY300_SX300_QL70_FMwebp_.jpg,
White Dresser for Bedroom,Storage,Amazon,Modern,White,159,Bedroom,https://www.amazon.com/dp/B0DHLCB972,https://m.media-amazon.com/images/I/81R0s4k1QZL._AC_UL320_.jpg,
White Dresser 6 Drawer,Storage,Amazon,Modern,White,139,Bedroom,https://www.amazon.com/dp/B0D49J8T1K,https://m.media-amazon.com/images/I/61wwr8EljmL._AC_SY300_SX300_QL70_FMwebp_.jpg,
White Dresser for Bedroom with 6 Drawer,Storage,Amazon,"Modern, Farmhouse",White,179,Bedroom,https://www.amazon.com/dp/B0DCZDQQ3Z,https://m.media-amazon.com/images/I/81uZcoFSpIL._AC_UL320_.jpg,
6 Drawer Double Dresser for Bedroom,Storage,Amazon,"Modern, Glam","White, Gold",109,Bedroom,https://www.amazon.com/dp/B0DGL2F9VX,https://m.media-amazon.com/images/I/61xbYj2oasL._AC_UL320_.jpg,
6 Drawers White Dresser for Bedroom,Storage,Amazon,Modern,White,159,Bedroom,https://www.amazon.com/dp/B0DM8NFYYK,https://m.media-amazon.com/images/I/81awbuEsFKL._AC_UL320_.jpg,
"Dresser for Bedroom, 6 Drawer Wide Modern Chest of Drawers with X-Shaped Sturdy Base",Storage,Amazon,Modern,White,135,Bedroom,https://www.amazon.com/dp/B0DK8Y9SKL,https://m.media-amazon.com/images/I/81AxR2NZSzL._AC_UL320_.jpg,
Loomie 12-Cell Divided Drawers White Dresser with Charging Station & Led Lights,Storage,Loomie,Modern,White,199,Bedroom,https://www.amazon.com/dp/B0DHP2YBHS,https://m.media-amazon.com/images/I/71ZM92CHVsL._AC_SY300_SX300_QL70_FMwebp_.jpg,
Farmhouse 10 Drawers Dresser for Bedroom,Storage,Amazon,"Modern, Farmhouse",White,199,Bedroom,https://www.amazon.com/dp/B0DSDP2TJM,https://m.media-amazon.com/images/I/81nlM2ulsnL._AC_UL320_.jpg,
"DEVAISE 7-Drawer Chest, Wood Storage Drawer File Cabinet with Wheels, White",Storage,DEVAISE,Modern,White,99,Bedroom,https://www.amazon.com/dp/B01K6KT2C0,https://m.media-amazon.com/images/I/61TU0Rwx9AL._AC_SY300_SX300_QL70_FMwebp_.jpg,
Modern 6 Drawers Dresser for Bedroom,Storage,Amazon,"Modern, Mid-Century","Oak, Natural",207,Bedroom,https://www.amazon.com/dp/B0DKJLRPYF,https://m.media-amazon.com/images/I/71jNziR4OxL._AC_UL320_.jpg,
8 Drawer Double Dresser,Storage,Amazon,Modern,White,149,Bedroom,https://www.amazon.com/dp/B0DJ56WWJK,https://m.media-amazon.com/images/I/51jCp0HRVoL._AC_UL320_.jpg,
"WOODTIME 47.2"" L 6 Drawer Double Dresser",Storage,WOODTIME,Modern,White,129,Bedroom,https://www.amazon.com/dp/B0DC9SBL4C,https://m.media-amazon.com/images/I/71L-ld6OdVL._AC_UL320_.jpg,
GarveeHome Rattan 6 Drawer Dresser for Bedroom,Storage,Amazon,Boho,Natural,159,Bedroom,https://www.amazon.com/dp/B0DK1KHHCQ,https://m.media-amazon.com/images/I/81XAPmXvuaL._AC_UL320_.jpg,
Cozy Castle 6 Drawer Dresser for Bedroom,Storage,Cozy Castle,Modern,Oak,159,Bedroom,https://www.amazon.com/dp/B0FG7T3QT3,https://m.media-amazon.com/images/I/71mSN8Np++L._AC_UL320_.jpg,
"Dining Chairs, Modern Living Room Chairs",Chair,Amazon,"Modern, Glam","Beige, Red",372,Dining Room,https://www.amazon.com/dp/B0D62L7K93,https://m.media-amazon.com/images/I/71HK16-xw2L._AC_SY300_SX300_QL70_FMwebp_.jpg,
Mid Century Modern Dining Chairs Set of 4,Chair,Amazon,"Modern, Mid-Century, Farmhouse","Beige, Red",269,Dining Room,https://www.amazon.com/dp/B0DT1HRTS2,https://m.media-amazon.com/images/I/611wKZJtGXL._AC_UL320_.jpg,
SZLIZCCC Modern Dining Chair Set of 2 / Living Room Chairs,Chair,SZLIZCCC,Modern,"Black, Red",132,Dining Room,https://www.amazon.com/dp/B0DQTZGD2B,https://m.media-amazon.com/images/I/81d56R9BLNL._AC_UL320_.jpg,
"Amazon Upholstered Dining Chairs Set of 4, Beige",Chair,Amazon,Modern,"Beige, Red",475,Dining Room,https://www.amazon.com/dp/B0BJK83MVC,https://m.media-amazon.com/images/I/91dt8jTzv6L._AC_UL320_.jpg,
25 Inch High Twin Bed Frames with Rounded Corner Legs,Bed,Amazon,Modern,Gray,104,Bedroom,https://www.amazon.com/dp/B0DXV6FT6C,https://m.media-amazon.com/images/I/61SuyeLDRoL._AC_UL320_.jpg,
DICTAC Twin Corner Bed Frame with Bookcase Storage and Led Lights Twin Size,Bed,Amazon,Modern,White,149,Bedroom,https://www.amazon.com/dp/B0FNBWX3LN,https://m.media-amazon.com/images/I/81TU8gsydtL._AC_UL320_.jpg,
HOMBCK Twin Bed Frames for Kids,Bed,Amazon,Glam,"White, Red",69,Bedroom,https://www.amazon.com/dp/B0F7SL6D91,https://m.media-amazon.com/images/I/71ISpkQ4hLL._AC_UL320_.jpg,
Giantex Twin Bed with 2 Storage Drawers,Bed,Amazon,Modern,White,199,Bedroom,https://www.amazon.com/dp/B0FM8DRDTQ,https://m.media-amazon.com/images/I/81Z2m6et-GL._AC_UL320_.jpg,
Twin Bed Frames with 4 Storage Drawers,Bed,Amazon,Modern,"Beige, Red",179,Bedroom,https://www.amazon.com/dp/B0F7RL317Q,https://m.media-amazon.com/images/I/81HijS-bQtL._AC_UL320_.jpg,
Giantex Wood Twin Bed with 2 Storage Drawers,Bed,Giantex,Modern,White,179,Bedroom,https://www.amazon.com/dp/B0DF2NL1ZJ,https://m.media-amazon.com/images/I/81+ZU9AZ4KL._AC_UL320_.jpg,
"Twin Bed Frames, Upholstered Bed Frame Twin Size with Headboard",Bed,Amazon,Modern,"Black, Red",99,Bedroom,https://www.amazon.com/dp/B0DCSJSYDC,https://m.media-amazon.com/images/I/71KxbF2I8-L._AC_UL320_.jpg,
SHA CERLIN Twin Size Bed Frame for Kids,Bed,SHA CERLIN,Modern,White,87,Bedroom,https://www.amazon.com/dp/B0C9J38VGN,https://m.media-amazon.com/images/I/A1qDQLuV49L._AC_UL320_.jpg,
Queen Size Bed Frame with LED Lights,Bed,Amazon,Modern,"White, Red",145,Bedroom,https://www.amazon.com/dp/B0BR16BVPP,https://m.media-amazon.com/images/I/81pa0W9NL4L._AC_UL320_.jpg,
Plank+Beam Solid Wood Console Table,Table,Plank+Beam,Modern,Gray,104,Living Room,https://www.amazon.com/dp/B0CPB13YJH,https://m.media-amazon.com/images/I/81wnzYzD5BL._AC_SY300_SX300_QL70_FMwebp_.jpg,
Plank+Beam Forma Console Table,Table,Plank+Beam,Modern,Gray,287,Living Room,https://www.amazon.com/dp/B0CS7TPGYW,https://m.media-amazon.com/images/I/81qlJRu54EL._AC_UL320_.jpg,
"71.8"" Extra Long Console Table",Table,Amazon,Farmhouse,Natural,169,Living Room,https://www.amazon.com/dp/B0GJ61LPM7,https://m.media-amazon.com/images/I/81a8II7GcFL._AC_UL320_.jpg,
63-Inch Solid Wood Console Table,Table,Amazon,Farmhouse,"Brown, Rust",189,Living Room,https://www.amazon.com/dp/B0G2LXNRQC,https://m.media-amazon.com/images/I/81dLwuAqCEL._AC_UL320_.jpg,
LITTLE TREE 63-Inch Console Table for Entryway,Table,LITTLE TREE,"Minimalist, Industrial, Farmhouse","Black, Brown",111,Living Room,https://www.amazon.com/dp/B0F4QGX9F3,https://m.media-amazon.com/images/I/71C6jAA85nL._AC_UL320_.jpg,
Tribesigns 41.34-Inch Farmhouse Console Table,Table,Tribesigns,Farmhouse,"Brown, Rust",119,Living Room,https://www.amazon.com/dp/B0FHVBQMBD,https://m.media-amazon.com/images/I/81igk3sJX-L._AC_UL320_.jpg,
Alaterre Furniture Classic Solid Wood Console Table - 56 Inch Modern Farmhouse,Table,Alaterre,"Modern, Farmhouse, Traditional",Brown,150,Living Room,https://www.amazon.com/dp/B0G2TKZBPB,https://m.media-amazon.com/images/I/91I9eKofISL._AC_UL320_.jpg,
Safavieh Home Collection Opal Distressed White 2-Drawer Console Table,Table,Safavieh,Farmhouse,White,145,Living Room,https://www.amazon.com/dp/B08N6WV5C7,https://m.media-amazon.com/images/I/61fPKI60+JS._AC_UL320_.jpg,
Extra Long Sofa Console Table for Entryway Living Room,Table,Amazon,Farmhouse,Oak,239,Living Room,https://www.amazon.com/dp/B0FWCDRP1W,https://m.media-amazon.com/images/I/81V3MsGKcDL._AC_UL320_.jpg,
